country,Year,Sex,Religion,Value
AW,2010,Both Sexes,Total,101484
AW,2010,Both Sexes,Adventist,880
AW,2010,Both Sexes,Anglican,450
AW,2010,Both Sexes,Jehovah Witness,1703
AW,2010,Both Sexes,Jewish,354
AW,2010,Both Sexes,Methodist,932
AW,2010,Both Sexes,Pagan,5625
AW,2010,Both Sexes,Protestant,2698
AW,2010,Both Sexes,Roman Catholic,76464
AW,2010,Both Sexes,No Religion,5625
AW,2010,Both Sexes,Not Stated,515
AW,2010,Both Sexes,Other Religions and Persuasions,11862
AW,2010,Male,Total,48241
AW,2010,Male,Adventist,349
AW,2010,Male,Anglican,183
AW,2010,Male,Jehovah Witness,683
AW,2010,Male,Jewish,202
AW,2010,Male,Methodist,420
AW,2010,Male,Pagan,3104
AW,2010,Male,Protestant,1230
AW,2010,Male,Roman Catholic,36506
AW,2010,Male,No Religion,3104
AW,2010,Male,Not Stated,283
AW,2010,Male,Other Religions and Persuasions,5282
AW,2010,Female,Total,53243
AW,2010,Female,Adventist,531
AW,2010,Female,Anglican,267
AW,2010,Female,Jehovah Witness,1020
AW,2010,Female,Jewish,152
AW,2010,Female,Methodist,512
AW,2010,Female,Pagan,2521
AW,2010,Female,Protestant,1469
AW,2010,Female,Roman Catholic,39959
AW,2010,Female,No Religion,2521
AW,2010,Female,Not Stated,233
AW,2010,Female,Other Religions and Persuasions,6580
BS,2010,Both Sexes,Total,351461
BS,2010,Both Sexes,Anglican,48006
BS,2010,Both Sexes,Assembly of God,2397
BS,2010,Both Sexes,Baha'i,65
BS,2010,Both Sexes,Baptist,122500
BS,2010,Both Sexes,Brethren,5781
BS,2010,Both Sexes,Church of God,6732
BS,2010,Both Sexes,Hindu,428
BS,2010,Both Sexes,Islam ,306
BS,2010,Both Sexes,Jehovah Witness,3762
BS,2010,Both Sexes,Jewish,191
BS,2010,Both Sexes,Lutheran,376
BS,2010,Both Sexes,Methodist,12512
BS,2010,Both Sexes,Mormon,301
BS,2010,Both Sexes,Pentecostal,31358
BS,2010,Both Sexes,Presbyterian,728
BS,2010,Both Sexes,Rastafarian,790
BS,2010,Both Sexes,Roman Catholic,42287
BS,2010,Both Sexes,Seventh Day Adventist,15441
BS,2010,Both Sexes,Other Christians,41214
BS,2010,Both Sexes,Other Non-Christians,228
BS,2010,Both Sexes,Not Stated,9050
BS,2010,Both Sexes,,6561
BS,2010,Both Sexes,Greek Church,447
BS,2010,Male,Total,170257
BS,2010,Male,Anglican,23094
BS,2010,Male,Assembly of God,1148
BS,2010,Male,Baha'i,34
BS,2010,Male,Baptist,58356
BS,2010,Male,Brethren,2733
BS,2010,Male,Church of God,3101
BS,2010,Male,Hindu,221
BS,2010,Male,Islam ,199
BS,2010,Male,Jehovah Witness,1648
BS,2010,Male,Jewish,112
BS,2010,Male,Lutheran,188
BS,2010,Male,Methodist,5897
BS,2010,Male,Mormon,132
BS,2010,Male,Pentecostal,14372
BS,2010,Male,Presbyterian,402
BS,2010,Male,Rastafarian,670
BS,2010,Male,Roman Catholic,21835
BS,2010,Male,Seventh Day Adventist,7432
BS,2010,Male,Other Christians,19736
BS,2010,Male,Other Non-Christians,135
BS,2010,Male,Not Stated,4617
BS,2010,Male,,3960
BS,2010,Male,Greek Church,235
BS,2010,Female,Total,181204
BS,2010,Female,Anglican,24912
BS,2010,Female,Assembly of God,1249
BS,2010,Female,Baha'i,31
BS,2010,Female,Baptist,64144
BS,2010,Female,Brethren,3048
BS,2010,Female,Church of God,3631
BS,2010,Female,Hindu,207
BS,2010,Female,Islam ,107
BS,2010,Female,Jehovah Witness,2114
BS,2010,Female,Jewish,79
BS,2010,Female,Lutheran,188
BS,2010,Female,Methodist,6615
BS,2010,Female,Mormon,169
BS,2010,Female,Pentecostal,16986
BS,2010,Female,Presbyterian,326
BS,2010,Female,Rastafarian,120
BS,2010,Female,Roman Catholic,20452
BS,2010,Female,Seventh Day Adventist,8009
BS,2010,Female,Other Christians,21478
BS,2010,Female,Other Non-Christians,93
BS,2010,Female,Not Stated,4433
BS,2010,Female,,2601
BS,2010,Female,Greek Church,212
BH,2010,Both Sexes,Total,1234571
BH,2010,Both Sexes,Muslim,866888
BH,2010,Both Sexes,Other Religions,367683
BH,2010,Male,Total,768414
BH,2010,Male,Muslim,511135
BH,2010,Male,Other Religions,257279
BH,2010,Female,Total,466157
BH,2010,Female,Muslim,355753
BH,2010,Female,Other Religions,110404
BZ,2010,Both Sexes,Total,322453
BZ,2010,Both Sexes,Adventist,820
BZ,2010,Both Sexes,Anglican,15065
BZ,2010,Both Sexes,Baha'i,216
BZ,2010,Both Sexes,Baptist,11620
BZ,2010,Both Sexes,Hindu,654
BZ,2010,Both Sexes,Jehovah Witness,5386
BZ,2010,Both Sexes,Mennonite,12053
BZ,2010,Both Sexes,Methodist,9457
BZ,2010,Both Sexes,Mormon,1333
BZ,2010,Both Sexes,Muslim,622
BZ,2010,Both Sexes,Nazarene,9145
BZ,2010,Both Sexes,Pentecostal,27121
BZ,2010,Both Sexes,Roman Catholic,129456
BZ,2010,Both Sexes,Salvation Army,400
BZ,2010,Both Sexes,Seventh Day Adventist,17559
BZ,2010,Both Sexes,Other Religions,28976
BZ,2010,Both Sexes,No Religion,49975
BZ,2010,Both Sexes,Not Specified,567
BZ,2010,Both Sexes,Not Stated,2028
BZ,2010,Male,Total,161227
BZ,2010,Male,Adventist,441
BZ,2010,Male,Anglican,7420
BZ,2010,Male,Baha'i,98
BZ,2010,Male,Baptist,5504
BZ,2010,Male,Hindu,375
BZ,2010,Male,Jehovah Witness,2303
BZ,2010,Male,Mennonite,6076
BZ,2010,Male,Methodist,4572
BZ,2010,Male,Mormon,650
BZ,2010,Male,Muslim,423
BZ,2010,Male,Nazarene,4293
BZ,2010,Male,Pentecostal,12845
BZ,2010,Male,Roman Catholic,63281
BZ,2010,Male,Salvation Army,186
BZ,2010,Male,Seventh Day Adventist,8293
BZ,2010,Male,Other Religions,13840
BZ,2010,Male,No Religion,29102
BZ,2010,Male,Not Specified,429
BZ,2010,Male,Not Stated,1096
BZ,2010,Female,Total,161226
BZ,2010,Female,Adventist,379
BZ,2010,Female,Anglican,7645
BZ,2010,Female,Baha'i,118
BZ,2010,Female,Baptist,6116
BZ,2010,Female,Hindu,279
BZ,2010,Female,Jehovah Witness,3083
BZ,2010,Female,Mennonite,5977
BZ,2010,Female,Methodist,4885
BZ,2010,Female,Mormon,683
BZ,2010,Female,Muslim,199
BZ,2010,Female,Nazarene,4852
BZ,2010,Female,Pentecostal,14276
BZ,2010,Female,Roman Catholic,66175
BZ,2010,Female,Salvation Army,214
BZ,2010,Female,Seventh Day Adventist,9266
BZ,2010,Female,Other Religions,15136
BZ,2010,Female,No Religion,20873
BZ,2010,Female,Not Specified,138
BZ,2010,Female,Not Stated,932
BM,2010,Both Sexes,Total,64237
BM,2010,Both Sexes,African Methodist Episcopal Church,5497
BM,2010,Both Sexes,Anglican,10138
BM,2010,Both Sexes,Baha'i,124
BM,2010,Both Sexes,Baptist,786
BM,2010,Both Sexes,Brethren,652
BM,2010,Both Sexes,Church of God,1001
BM,2010,Both Sexes,Jehovah Witness,850
BM,2010,Both Sexes,Jewish,135
BM,2010,Both Sexes,Lutheran,251
BM,2010,Both Sexes,Methodist,1747
BM,2010,Both Sexes,Muslim,616
BM,2010,Both Sexes,Non-denominational,5309
BM,2010,Both Sexes,Pentecostal,2246
BM,2010,Both Sexes,Presbyterian,1300
BM,2010,Both Sexes,Rastafarian,212
BM,2010,Both Sexes,Roman Catholic,9340
BM,2010,Both Sexes,Salvation Army,708
BM,2010,Both Sexes,Seventh Day Adventist,4273
BM,2010,Both Sexes,Other,1527
BM,2010,Both Sexes,Other Religions,4399
BM,2010,Both Sexes,Ethiopian Orthodox,253
BM,2010,Both Sexes,Not Stated,1407
BM,2010,Both Sexes,,11466
BM,2010,Male,Total,30858
BM,2010,Male,African Methodist Episcopal Church,2406
BM,2010,Male,Anglican,4513
BM,2010,Male,Baha'i,46
BM,2010,Male,Baptist,352
BM,2010,Male,Brethren,290
BM,2010,Male,Church of God,446
BM,2010,Male,Jehovah Witness,333
BM,2010,Male,Jewish,69
BM,2010,Male,Lutheran,105
BM,2010,Male,Methodist,746
BM,2010,Male,Muslim,356
BM,2010,Male,Non-denominational,2368
BM,2010,Male,Pentecostal,924
BM,2010,Male,Presbyterian,588
BM,2010,Male,Rastafarian,163
BM,2010,Male,Roman Catholic,4637
BM,2010,Male,Salvation Army,311
BM,2010,Male,Seventh Day Adventist,1937
BM,2010,Male,Other,825
BM,2010,Male,Other Religions,2070
BM,2010,Male,Ethiopian Orthodox,135
BM,2010,Male,Not Stated,778
BM,2010,Male,,6460
BM,2010,Female,Total,33379
BM,2010,Female,African Methodist Episcopal Church,3091
BM,2010,Female,Anglican,5625
BM,2010,Female,Baha'i,78
BM,2010,Female,Baptist,434
BM,2010,Female,Brethren,362
BM,2010,Female,Church of God,555
BM,2010,Female,Jehovah Witness,517
BM,2010,Female,Jewish,66
BM,2010,Female,Lutheran,146
BM,2010,Female,Methodist,1001
BM,2010,Female,Muslim,260
BM,2010,Female,Non-denominational,2941
BM,2010,Female,Pentecostal,1322
BM,2010,Female,Presbyterian,712
BM,2010,Female,Rastafarian,49
BM,2010,Female,Roman Catholic,4703
BM,2010,Female,Salvation Army,397
BM,2010,Female,Seventh Day Adventist,2336
BM,2010,Female,Other,702
BM,2010,Female,Other Religions,2329
BM,2010,Female,Ethiopian Orthodox,118
BM,2010,Female,Not Stated,629
BM,2010,Female,,5006
BR,2010,Both Sexes,Total,190755799
BR,2010,Both Sexes,Adventist,1561071
BR,2010,Both Sexes,Assembly of God,12314410
BR,2010,Both Sexes,Baptist,3723853
BR,2010,Both Sexes,Buddhist,243966
BR,2010,Both Sexes,Jehovah Witness,1393208
BR,2010,Both Sexes,Jewish,107329
BR,2010,Both Sexes,Lutheran,999498
BR,2010,Both Sexes,Methodist,340938
BR,2010,Both Sexes,Presbyterian,921209
BR,2010,Both Sexes,Spiritualist,61739
BR,2010,Both Sexes,Other Religions,1953260
BR,2010,Both Sexes,No Religion,15335510
BR,2010,Both Sexes,Not Specified,643598
BR,2010,Both Sexes,Not Declared,241941
BR,2010,Both Sexes,Brasilian Apostolic Catholic,560781
BR,2010,Both Sexes,Candomble,167363
BR,2010,Both Sexes,Christian Congregation of Brazil,2289634
BR,2010,Both Sexes,Espiritia,3848876
BR,2010,Both Sexes,God is Love,845383
BR,2010,Both Sexes,Orthodox Catholic,131571
BR,2010,Both Sexes,Other Evangelical Pentecostal,8047813
BR,2010,Both Sexes,Other Traditional Evangelical,9358386
BR,2010,Both Sexes,Roman Apostolic Catholic,123280172
BR,2010,Both Sexes,Umbanda,407331
BR,2010,Both Sexes,Universal of the Kingdom of God,1873243
BR,2010,Both Sexes,Messianica,103716
BR,2010,Male,Total,93406990
BR,2010,Male,Adventist,704376
BR,2010,Male,Assembly of God,5586520
BR,2010,Male,Baptist,1605823
BR,2010,Male,Buddhist,110403
BR,2010,Male,Jehovah Witness,579466
BR,2010,Male,Jewish,53885
BR,2010,Male,Lutheran,482382
BR,2010,Male,Methodist,149047
BR,2010,Male,Presbyterian,405424
BR,2010,Male,Spiritualist,24857
BR,2010,Male,Other Religions,910196
BR,2010,Male,No Religion,9082507
BR,2010,Male,Not Specified,302807
BR,2010,Male,Not Declared,145452
BR,2010,Male,Brasilian Apostolic Catholic,282011
BR,2010,Male,Candomble,80733
BR,2010,Male,Christian Congregation of Brazil,1060218
BR,2010,Male,Espiritia,1581701
BR,2010,Male,God is Love,365250
BR,2010,Male,Orthodox Catholic,65727
BR,2010,Male,Other Evangelical Pentecostal,3505004
BR,2010,Male,Other Traditional Evangelical,4162583
BR,2010,Male,Roman Apostolic Catholic,61180316
BR,2010,Male,Umbanda,182119
BR,2010,Male,Universal of the Kingdom of God,756203
BR,2010,Male,Messianica,41980
BR,2010,Female,Total,97348809
BR,2010,Female,Adventist,856695
BR,2010,Female,Assembly of God,6727891
BR,2010,Female,Baptist,2118029
BR,2010,Female,Buddhist,133563
BR,2010,Female,Jehovah Witness,813742
BR,2010,Female,Jewish,53444
BR,2010,Female,Lutheran,517116
BR,2010,Female,Methodist,191891
BR,2010,Female,Presbyterian,515785
BR,2010,Female,Spiritualist,36882
BR,2010,Female,Other Religions,1043064
BR,2010,Female,No Religion,6253004
BR,2010,Female,Not Specified,340791
BR,2010,Female,Not Declared,96485
BR,2010,Female,Brasilian Apostolic Catholic,278770
BR,2010,Female,Candomble,86630
BR,2010,Female,Christian Congregation of Brazil,1229416
BR,2010,Female,Espiritia,2267176
BR,2010,Female,God is Love,480133
BR,2010,Female,Orthodox Catholic,65844
BR,2010,Female,Other Evangelical Pentecostal,4542810
BR,2010,Female,Other Traditional Evangelical,5195803
BR,2010,Female,Roman Apostolic Catholic,62099856
BR,2010,Female,Umbanda,225213
BR,2010,Female,Universal of the Kingdom of God,1117040
BR,2010,Female,Messianica,61736
KY,2010,Both Sexes,Total,55036
KY,2010,Both Sexes,Anglican,2251.722789
KY,2010,Both Sexes,Baptist,4541.234896
KY,2010,Both Sexes,Church of God,12459.70481
KY,2010,Both Sexes,Jehovah Witness,613.3797966
KY,2010,Both Sexes,Non-denominational,2907.586049
KY,2010,Both Sexes,Pentecostal,3916.072764
KY,2010,Both Sexes,Roman Catholic,7745.359712
KY,2010,Both Sexes,Seventh Day Adventist,5171.455055
KY,2010,Both Sexes,Wesleyan,1335.189337
KY,2010,Both Sexes,Other,3892.200345
KY,2010,Both Sexes,Not Stated,335.4878946
KY,2010,Both Sexes,,5116.343729
KY,2010,Both Sexes,Presbyterian and Reformed,4750.262838
KY,2010,Male,Total,27218.12847
KY,2010,Male,Anglican,1134.655383
KY,2010,Male,Baptist,2146.488991
KY,2010,Male,Church of God,5858.453926
KY,2010,Male,Jehovah Witness,268.2780029
KY,2010,Male,Non-denominational,1470.825575
KY,2010,Male,Pentecostal,1759.622544
KY,2010,Male,Roman Catholic,4035.305903
KY,2010,Male,Seventh Day Adventist,2456.843564
KY,2010,Male,Wesleyan,631.6748331
KY,2010,Male,Other,2046.164673
KY,2010,Male,Not Stated,186.1425824
KY,2010,Male,,3015.932805
KY,2010,Male,Presbyterian and Reformed,2207.739692
KY,2010,Female,Total,27817.87153
KY,2010,Female,Anglican,1117.067406
KY,2010,Female,Baptist,2394.745905
KY,2010,Female,Church of God,6601.250879
KY,2010,Female,Jehovah Witness,345.1017937
KY,2010,Female,Non-denominational,1436.760474
KY,2010,Female,Pentecostal,2156.45022
KY,2010,Female,Roman Catholic,3710.053809
KY,2010,Female,Seventh Day Adventist,2714.611491
KY,2010,Female,Wesleyan,703.5145038
KY,2010,Female,Other,1846.035672
KY,2010,Female,Not Stated,149.3453122
KY,2010,Female,,2100.410924
KY,2010,Female,Presbyterian and Reformed,2542.523146
FI,2010,Both Sexes,Total,5375276
FI,2010,Both Sexes,Adventist,3648
FI,2010,Both Sexes,Baha'i,568
FI,2010,Both Sexes,Baptist,2356
FI,2010,Both Sexes,Catholic,10640
FI,2010,Both Sexes,Christian,10
FI,2010,Both Sexes,Free Church in Finland,14485
FI,2010,Both Sexes,Islam ,9393
FI,2010,Both Sexes,Jehovah Witness,19094
FI,2010,Both Sexes,Jewish,1208
FI,2010,Both Sexes,Latter Day Saints,3225
FI,2010,Both Sexes,Lutheran,4207192
FI,2010,Both Sexes,Methodist,1301
FI,2010,Both Sexes,Orthodox,58449
FI,2010,Both Sexes,Other Lutheran Churches,7573
FI,2010,Both Sexes,Other Orthodox Churches,2402
FI,2010,Both Sexes,Other Religions,1303
FI,2010,Both Sexes,No Religion,1032429
FI,2010,Male,Total,2638416
FI,2010,Male,Adventist,1520
FI,2010,Male,Baha'i,274
FI,2010,Male,Baptist,1106
FI,2010,Male,Catholic,5097
FI,2010,Male,Christian,7
FI,2010,Male,Free Church in Finland,6644
FI,2010,Male,Islam ,5132
FI,2010,Male,Jehovah Witness,8227
FI,2010,Male,Jewish,616
FI,2010,Male,Latter Day Saints,1498
FI,2010,Male,Lutheran,1986310
FI,2010,Male,Methodist,658
FI,2010,Male,Orthodox,25924
FI,2010,Male,Other Lutheran Churches,3295
FI,2010,Male,Other Orthodox Churches,1000
FI,2010,Male,Other Religions,554
FI,2010,Male,No Religion,590554
FI,2010,Female,Total,2736860
FI,2010,Female,Adventist,2128
FI,2010,Female,Baha'i,294
FI,2010,Female,Baptist,1250
FI,2010,Female,Catholic,5543
FI,2010,Female,Christian,3
FI,2010,Female,Free Church in Finland,7841
FI,2010,Female,Islam ,4261
FI,2010,Female,Jehovah Witness,10867
FI,2010,Female,Jewish,592
FI,2010,Female,Latter Day Saints,1727
FI,2010,Female,Lutheran,2220882
FI,2010,Female,Methodist,643
FI,2010,Female,Orthodox,32525
FI,2010,Female,Other Lutheran Churches,4278
FI,2010,Female,Other Orthodox Churches,1402
FI,2010,Female,Other Religions,749
FI,2010,Female,No Religion,441875
GH,2010,Both Sexes,Total,24658823
GH,2010,Both Sexes,Catholic,3230996
GH,2010,Both Sexes,Islam ,4345723
GH,2010,Both Sexes,Pentecostal,6980792
GH,2010,Both Sexes,Protestant,4534178
GH,2010,Both Sexes,Traditional,1270272
GH,2010,Both Sexes,Other Christians,2800871
GH,2010,Both Sexes,Other Religions,193914
GH,2010,Both Sexes,No Religion,1302077
GH,2010,Male,Total,12024845
GH,2010,Male,Catholic,1571079
GH,2010,Male,Islam ,2203837
GH,2010,Male,Pentecostal,3240237
GH,2010,Male,Protestant,2132619
GH,2010,Male,Traditional,646380
GH,2010,Male,Other Christians,1331390
GH,2010,Male,Other Religions,95064
GH,2010,Male,No Religion,804239
GH,2010,Female,Total,12633978
GH,2010,Female,Catholic,1659917
GH,2010,Female,Islam ,2141886
GH,2010,Female,Pentecostal,3740555
GH,2010,Female,Protestant,2401559
GH,2010,Female,Traditional,623892
GH,2010,Female,Other Christians,1469481
GH,2010,Female,Other Religions,98850
GH,2010,Female,No Religion,497838
ID,2010,Both Sexes,Total,237641326
ID,2010,Both Sexes,Buddhist,1703254
ID,2010,Both Sexes,Catholic,6907873
ID,2010,Both Sexes,Confucian,117091
ID,2010,Both Sexes,Hindu,4012116
ID,2010,Both Sexes,Muslim,207176162
ID,2010,Both Sexes,Protestant,16528513
ID,2010,Both Sexes,Other,299617
ID,2010,Both Sexes,Not Stated,139582
ID,2010,Both Sexes,Not Asked,757118
ID,2010,Male,Total,119630913
ID,2010,Male,Buddhist,869097
ID,2010,Male,Catholic,3441643
ID,2010,Male,Confucian,61506
ID,2010,Male,Hindu,2013589
ID,2010,Male,Muslim,104195783
ID,2010,Male,Protestant,8335966
ID,2010,Male,Other,157363
ID,2010,Male,Not Stated,70897
ID,2010,Male,Not Asked,485069
ID,2010,Female,Total,118010413
ID,2010,Female,Buddhist,834157
ID,2010,Female,Catholic,3466230
ID,2010,Female,Confucian,55585
ID,2010,Female,Hindu,1998527
ID,2010,Female,Muslim,102980379
ID,2010,Female,Protestant,8192547
ID,2010,Female,Other,142254
ID,2010,Female,Not Stated,68685
ID,2010,Female,Not Asked,272049
KI,2010,Both Sexes,Total,103058
KI,2010,Both Sexes,Assembly of God,390
KI,2010,Both Sexes,Baha'i,2322
KI,2010,Both Sexes,Catholic,57503
KI,2010,Both Sexes,Church of God,360
KI,2010,Both Sexes,Mormon,4802
KI,2010,Both Sexes,Muslim,119
KI,2010,Both Sexes,Seventh Day Adventist,2085
KI,2010,Both Sexes,Other,265
KI,2010,Both Sexes,No Religion,51
KI,2010,Both Sexes,Kempsville Presbyterian Church,34528
KI,2010,Both Sexes,Te koaua,421
KI,2010,Both Sexes,Unknown,212
KI,2010,Male,Total,50796
KI,2010,Male,Assembly of God,197
KI,2010,Male,Baha'i,1175
KI,2010,Male,Catholic,28322
KI,2010,Male,Church of God,164
KI,2010,Male,Mormon,2342
KI,2010,Male,Muslim,65
KI,2010,Male,Seventh Day Adventist,1007
KI,2010,Male,Other,125
KI,2010,Male,No Religion,33
KI,2010,Male,Kempsville Presbyterian Church,17045
KI,2010,Male,Te koaua,202
KI,2010,Male,Unknown,119
KI,2010,Female,Total,52262
KI,2010,Female,Assembly of God,193
KI,2010,Female,Baha'i,1147
KI,2010,Female,Catholic,29181
KI,2010,Female,Church of God,196
KI,2010,Female,Mormon,2460
KI,2010,Female,Muslim,54
KI,2010,Female,Seventh Day Adventist,1078
KI,2010,Female,Other,140
KI,2010,Female,No Religion,18
KI,2010,Female,Kempsville Presbyterian Church,17483
KI,2010,Female,Te koaua,219
KI,2010,Female,Unknown,93
LI,2010,Both Sexes,Total,36149
LI,2010,Both Sexes,Buddhist,148
LI,2010,Both Sexes,Islam ,1960
LI,2010,Both Sexes,Roman Catholic,27450
LI,2010,Both Sexes,Other,133
LI,2010,Both Sexes,Other Christians,104
LI,2010,Both Sexes,Other Protestant,258
LI,2010,Both Sexes,No Afiliation,1952
LI,2010,Both Sexes,Not Specified,925
LI,2010,Both Sexes,Christian Orthodox,415
LI,2010,Both Sexes,Protestant Reformed,2343
LI,2010,Both Sexes,Protestant Lutheran,461
LI,2010,Male,Total,17886
LI,2010,Male,Buddhist,58
LI,2010,Male,Islam ,994
LI,2010,Male,Roman Catholic,13369
LI,2010,Male,Other,76
LI,2010,Male,Other Christians,59
LI,2010,Male,Other Protestant,110
LI,2010,Male,No Afiliation,1122
LI,2010,Male,Not Specified,556
LI,2010,Male,Christian Orthodox,176
LI,2010,Male,Protestant Reformed,1140
LI,2010,Male,Protestant Lutheran,226
LI,2010,Female,Total,18263
LI,2010,Female,Buddhist,90
LI,2010,Female,Islam ,966
LI,2010,Female,Roman Catholic,14081
LI,2010,Female,Other,57
LI,2010,Female,Other Christians,45
LI,2010,Female,Other Protestant,148
LI,2010,Female,No Afiliation,830
LI,2010,Female,Not Specified,369
LI,2010,Female,Christian Orthodox,239
LI,2010,Female,Protestant Reformed,1203
LI,2010,Female,Protestant Lutheran,235
MY,2010,Both Sexes,Total,28334135
MY,2010,Both Sexes,Total,27484596
MY,2010,Both Sexes,Buddhist,5446855
MY,2010,Both Sexes,Buddhist,5620483
MY,2010,Both Sexes,Christian,2617159
MY,2010,Both Sexes,Christian,2542254
MY,2010,Both Sexes,Confucianism/Taoism and Other Traditional Chinese,346827
MY,2010,Both Sexes,Confucianism/Taoism and Other Traditional Chinese,356718
MY,2010,Both Sexes,Hindu,1777694
MY,2010,Both Sexes,Hindu,1725838
MY,2010,Both Sexes,Islam ,16849328
MY,2010,Both Sexes,Islam ,17375794
MY,2010,Both Sexes,Other Religions,109546
MY,2010,Both Sexes,Other Religions,111759
MY,2010,Both Sexes,No Religion,197064
MY,2010,Both Sexes,No Religion,202763
MY,2010,Both Sexes,Unknown,271765
MY,2010,Both Sexes,Unknown,266884
MY,2010,Male,Total,14562638
MY,2010,Male,Total,14127608
MY,2010,Male,Buddhist,2815662
MY,2010,Male,Buddhist,2903709
MY,2010,Male,Christian,1323851
MY,2010,Male,Christian,1286351
MY,2010,Male,Confucianism/Taoism and Other Traditional Chinese,179763
MY,2010,Male,Confucianism/Taoism and Other Traditional Chinese,184936
MY,2010,Male,Hindu,921154
MY,2010,Male,Hindu,894517
MY,2010,Male,Islam ,8622281
MY,2010,Male,Islam ,8892853
MY,2010,Male,Other Religions,58660
MY,2010,Male,Other Religions,59799
MY,2010,Male,No Religion,103188
MY,2010,Male,No Religion,106226
MY,2010,Male,Unknown,170110
MY,2010,Male,Unknown,167186
MY,2010,Female,Total,13771497
MY,2010,Female,Total,13356988
MY,2010,Female,Buddhist,2631193
MY,2010,Female,Buddhist,2716774
MY,2010,Female,Christian,1293308
MY,2010,Female,Christian,1255903
MY,2010,Female,Confucianism/Taoism and Other Traditional Chinese,167064
MY,2010,Female,Confucianism/Taoism and Other Traditional Chinese,171782
MY,2010,Female,Hindu,856540
MY,2010,Female,Hindu,831321
MY,2010,Female,Islam ,8227047
MY,2010,Female,Islam ,8482941
MY,2010,Female,Other Religions,50886
MY,2010,Female,Other Religions,51960
MY,2010,Female,No Religion,93876
MY,2010,Female,No Religion,96537
MY,2010,Female,Unknown,101655
MY,2010,Female,Unknown,99698
MX,2010,Both Sexes,Total,112336538
MX,2010,Both Sexes,Catholic,92924489
MX,2010,Both Sexes,Church of God,188326
MX,2010,Both Sexes,Ethnic Churches,27839
MX,2010,Both Sexes,Historics,820744
MX,2010,Both Sexes,Islam ,3760
MX,2010,Both Sexes,Jehovah Witness,1561086
MX,2010,Both Sexes,Judaism,67476
MX,2010,Both Sexes,Latter Day Saints,314932
MX,2010,Both Sexes,Oriental,18185
MX,2010,Both Sexes,Pentecostal,1782021
MX,2010,Both Sexes,Seventh Day Adventist,661878
MX,2010,Both Sexes,Spiritualist,35995
MX,2010,Both Sexes,Other Evangelical Churches,5595116
MX,2010,Both Sexes,Other Religions,19636
MX,2010,Both Sexes,No Religion,5262546
MX,2010,Both Sexes,Not Specified,3052509
MX,2010,Male,Total,54855231
MX,2010,Male,Catholic,45136800
MX,2010,Male,Church of God,92038
MX,2010,Male,Ethnic Churches,14074
MX,2010,Male,Historics,388481
MX,2010,Male,Islam ,2368
MX,2010,Male,Jehovah Witness,685197
MX,2010,Male,Judaism,33492
MX,2010,Male,Latter Day Saints,146813
MX,2010,Male,Oriental,9345
MX,2010,Male,Pentecostal,835019
MX,2010,Male,Seventh Day Adventist,308407
MX,2010,Male,Spiritualist,16236
MX,2010,Male,Other Evangelical Churches,2608656
MX,2010,Male,Other Religions,10602
MX,2010,Male,No Religion,3023313
MX,2010,Male,Not Specified,1544390
MX,2010,Female,Total,57481307
MX,2010,Female,Catholic,47787689
MX,2010,Female,Church of God,96288
MX,2010,Female,Ethnic Churches,13765
MX,2010,Female,Historics,432263
MX,2010,Female,Islam ,1392
MX,2010,Female,Jehovah Witness,875889
MX,2010,Female,Judaism,33984
MX,2010,Female,Latter Day Saints,168119
MX,2010,Female,Oriental,8840
MX,2010,Female,Pentecostal,947002
MX,2010,Female,Seventh Day Adventist,353471
MX,2010,Female,Spiritualist,19759
MX,2010,Female,Other Evangelical Churches,2986460
MX,2010,Female,Other Religions,9034
MX,2010,Female,No Religion,2239233
MX,2010,Female,Not Specified,1508119
MN,2010,Both Sexes,Total,1905969
MN,2010,Both Sexes,Buddhist,1009357
MN,2010,Both Sexes,Christian,41117
MN,2010,Both Sexes,Muslim,57702
MN,2010,Both Sexes,Other,6933
MN,2010,Both Sexes,No Religion,735686
MN,2010,Both Sexes,Shaman,55174
MN,2010,Male,Total,937271
MN,2010,Male,Buddhist,462683
MN,2010,Male,Christian,15135
MN,2010,Male,Muslim,28702
MN,2010,Male,Other,3335
MN,2010,Male,No Religion,402070
MN,2010,Male,Shaman,25346
MN,2010,Female,Total,968698
MN,2010,Female,Buddhist,546674
MN,2010,Female,Christian,25982
MN,2010,Female,Muslim,29000
MN,2010,Female,Other,3598
MN,2010,Female,No Religion,333616
MN,2010,Female,Shaman,29828
SG,2010,Both Sexes,Total,3105748
SG,2010,Both Sexes,Buddhist,1032879
SG,2010,Both Sexes,Catholic,219133
SG,2010,Both Sexes,Christian,569244
SG,2010,Both Sexes,Hindu,157854
SG,2010,Both Sexes,Islam ,457435
SG,2010,Both Sexes,Sikh,10744
SG,2010,Both Sexes,Taoist,339149
SG,2010,Both Sexes,Other Christians,350111
SG,2010,Both Sexes,Other Religions,10891
SG,2010,Both Sexes,No Religion,527553
SG,2010,Male,Total,1517428
SG,2010,Male,Buddhist,500579
SG,2010,Male,Catholic,100083
SG,2010,Male,Christian,253334
SG,2010,Male,Hindu,81634
SG,2010,Male,Islam ,225956
SG,2010,Male,Sikh,5283
SG,2010,Male,Taoist,166927
SG,2010,Male,Other Christians,153251
SG,2010,Male,Other Religions,5031
SG,2010,Male,No Religion,278683
SG,2010,Female,Total,1588321
SG,2010,Female,Buddhist,532300
SG,2010,Female,Catholic,119050
SG,2010,Female,Christian,315910
SG,2010,Female,Hindu,76220
SG,2010,Female,Islam ,231478
SG,2010,Female,Sikh,5461
SG,2010,Female,Taoist,172222
SG,2010,Female,Other Christians,196860
SG,2010,Female,Other Religions,5860
SG,2010,Female,No Religion,248870
TH,2010,Both Sexes,Total,65981659
TH,2010,Both Sexes,Buddhist,61746429
TH,2010,Both Sexes,Christian,789376
TH,2010,Both Sexes,Confucian,16718
TH,2010,Both Sexes,Hindu,41808
TH,2010,Both Sexes,Islam ,3259340
TH,2010,Both Sexes,Other Religions,66922
TH,2010,Both Sexes,No Religion,46122
TH,2010,Both Sexes,Unknown,14944
TH,2010,Male,Total,32355032
TH,2010,Male,Buddhist,30196344
TH,2010,Male,Christian,439866
TH,2010,Male,Confucian,10597
TH,2010,Male,Hindu,23210
TH,2010,Male,Islam ,1612509
TH,2010,Male,Other Religions,37156
TH,2010,Male,No Religion,27533
TH,2010,Male,Unknown,7817
TH,2010,Female,Total,33626627
TH,2010,Female,Buddhist,31550085
TH,2010,Female,Christian,349510
TH,2010,Female,Confucian,6121
TH,2010,Female,Hindu,18598
TH,2010,Female,Islam ,1646831
TH,2010,Female,Other Religions,29766
TH,2010,Female,No Religion,18589
TH,2010,Female,Unknown,7127
ZM,2010,Both Sexes,Total,12526314
ZM,2010,Both Sexes,Baha'i,3891
ZM,2010,Both Sexes,Buddhist,9623
ZM,2010,Both Sexes,Catholic,2532858
ZM,2010,Both Sexes,Hindu,4383
ZM,2010,Both Sexes,Muslim,61412
ZM,2010,Both Sexes,Protestant,9436231
ZM,2010,Both Sexes,Other,253621
ZM,2010,Both Sexes,,224295
ZM,2010,Male,Total,6117253
ZM,2010,Male,Baha'i,1997
ZM,2010,Male,Buddhist,4786
ZM,2010,Male,Catholic,1238491
ZM,2010,Male,Hindu,2497
ZM,2010,Male,Muslim,32082
ZM,2010,Male,Protestant,4567759
ZM,2010,Male,Other,123631
ZM,2010,Male,,146010
ZM,2010,Female,Total,6409061
ZM,2010,Female,Baha'i,1894
ZM,2010,Female,Buddhist,4837
ZM,2010,Female,Catholic,1294367
ZM,2010,Female,Hindu,1886
ZM,2010,Female,Muslim,29330
ZM,2010,Female,Protestant,4868472
ZM,2010,Female,Other,129990
ZM,2010,Female,,78285
AL,2011,Both Sexes,Total,2800138
AL,2011,Both Sexes,Atheist,69995
AL,2011,Both Sexes,Catholic,280921
AL,2011,Both Sexes,Evangelical,3797
AL,2011,Both Sexes,Muslim,1587608
AL,2011,Both Sexes,Orthodox,188992
AL,2011,Both Sexes,Other,602
AL,2011,Both Sexes,Other Christians,1919
AL,2011,Both Sexes,Refused to answer,386024
AL,2011,Both Sexes,Bektashism,58628
AL,2011,Both Sexes,Believers without denomination,153630
AL,2011,Both Sexes,Not Stated,68022
AM,2011,Both Sexes,Armenian Apostolic,2796519
AM,2011,Both Sexes,Armenian Orthodox,7532
AM,2011,Both Sexes,Catholic,13843
AM,2011,Both Sexes,Evangelical,29280
AM,2011,Both Sexes,Pagan,5434
AM,2011,Both Sexes,Other,7888
AM,2011,Both Sexes,No Religion,34373
AM,2011,Both Sexes,Not Stated,87214
AM,2011,Both Sexes,Yeshiva's witness,8695
AM,2011,Both Sexes,Molokai,2872
AM,2011,Both Sexes,Shar-fadinian,25204
AM,2011,Male,Armenian Apostolic,1342448
AM,2011,Male,Armenian Orthodox,2638
AM,2011,Male,Catholic,6686
AM,2011,Male,Evangelical,12297
AM,2011,Male,Pagan,2817
AM,2011,Male,Other,3776
AM,2011,Male,No Religion,17128
AM,2011,Male,Not Stated,43433
AM,2011,Male,Yeshiva's witness,2784
AM,2011,Male,Molokai,1450
AM,2011,Male,Shar-fadinian,12595
AM,2011,Female,Armenian Apostolic,1454071
AM,2011,Female,Armenian Orthodox,4894
AM,2011,Female,Catholic,7157
AM,2011,Female,Evangelical,16983
AM,2011,Female,Pagan,2617
AM,2011,Female,Other,4112
AM,2011,Female,No Religion,17245
AM,2011,Female,Not Stated,43781
AM,2011,Female,Yeshiva's witness,5911
AM,2011,Female,Molokai,1422
AM,2011,Female,Shar-fadinian,12609
AU,2011,Both Sexes,Total,21507719
AU,2011,Both Sexes,Anglican,3679907
AU,2011,Both Sexes,Baha'i,13705
AU,2011,Both Sexes,Baptist,352499
AU,2011,Both Sexes,Brethren,21732
AU,2011,Both Sexes,Buddhist,528979
AU,2011,Both Sexes,Catholic,5439266
AU,2011,Both Sexes,Church of Christ,49688
AU,2011,Both Sexes,Druze,2973
AU,2011,Both Sexes,Eastern Orthodox,563072
AU,2011,Both Sexes,Hindu,275536
AU,2011,Both Sexes,Islam ,476291
AU,2011,Both Sexes,Judaism,97334
AU,2011,Both Sexes,Latter Day Saints,59770
AU,2011,Both Sexes,Lutheran,251932
AU,2011,Both Sexes,Pentecostal,237984
AU,2011,Both Sexes,Salvation Army,60162
AU,2011,Both Sexes,Seventh Day Adventist,63002
AU,2011,Both Sexes,Sikh,72296
AU,2011,Both Sexes,Spiritualist,11553
AU,2011,Both Sexes,United Church,1065794
AU,2011,Both Sexes,Other Christians,37674
AU,2011,Both Sexes,Other Protestant,60240
AU,2011,Both Sexes,Other Religions,18893
AU,2011,Both Sexes,No Religion,4796786
AU,2011,Both Sexes,Not Specified,170401
AU,2011,Both Sexes,Jehovah's Witnesses,85636
AU,2011,Both Sexes,Not Stated,1839650
AU,2011,Both Sexes,Christian nfd,470939
AU,2011,Both Sexes,Chinese Religions,5151
AU,2011,Both Sexes,Presbyterian and Reformed,599517
AU,2011,Both Sexes,Japanese Religions,1640
AU,2011,Both Sexes,Nature and earth based religions,32083
AU,2011,Both Sexes,"Theism, nec",3882
AU,2011,Both Sexes,Zoroastrianism,2541
AU,2011,Both Sexes,Australian Aboriginal Traditional Religion,7362
AU,2011,Both Sexes,Assyrian Apostolic,10588
AU,2011,Both Sexes,Oriental Orthodox,41261
AU,2011,Male,Total,10634012
AU,2011,Male,Anglican,1730112
AU,2011,Male,Baha'i,6548
AU,2011,Male,Baptist,166187
AU,2011,Male,Brethren,10532
AU,2011,Male,Buddhist,240186
AU,2011,Male,Catholic,2607250
AU,2011,Male,Church of Christ,22085
AU,2011,Male,Druze,1579
AU,2011,Male,Eastern Orthodox,278398
AU,2011,Male,Hindu,148463
AU,2011,Male,Islam ,249024
AU,2011,Male,Judaism,47060
AU,2011,Male,Latter Day Saints,28313
AU,2011,Male,Lutheran,119067
AU,2011,Male,Pentecostal,109726
AU,2011,Male,Salvation Army,26401
AU,2011,Male,Seventh Day Adventist,28744
AU,2011,Male,Sikh,42229
AU,2011,Male,Spiritualist,3166
AU,2011,Male,United Church,476639
AU,2011,Male,Other Christians,17921
AU,2011,Male,Other Protestant,28330
AU,2011,Male,Other Religions,10810
AU,2011,Male,No Religion,2554108
AU,2011,Male,Not Specified,107152
AU,2011,Male,Jehovah's Witnesses,37480
AU,2011,Male,Not Stated,979922
AU,2011,Male,Christian nfd,219925
AU,2011,Male,Chinese Religions,2883
AU,2011,Male,Presbyterian and Reformed,287700
AU,2011,Male,Japanese Religions,627
AU,2011,Male,Nature and earth based religions,11966
AU,2011,Male,"Theism, nec",2287
AU,2011,Male,Zoroastrianism,1386
AU,2011,Male,Australian Aboriginal Traditional Religion,3802
AU,2011,Male,Assyrian Apostolic,5116
AU,2011,Male,Oriental Orthodox,20888
AU,2011,Female,Total,10873707
AU,2011,Female,Anglican,1949795
AU,2011,Female,Baha'i,7157
AU,2011,Female,Baptist,186312
AU,2011,Female,Brethren,11200
AU,2011,Female,Buddhist,288793
AU,2011,Female,Catholic,2832016
AU,2011,Female,Church of Christ,27603
AU,2011,Female,Druze,1394
AU,2011,Female,Eastern Orthodox,284674
AU,2011,Female,Hindu,127073
AU,2011,Female,Islam ,227267
AU,2011,Female,Judaism,50274
AU,2011,Female,Latter Day Saints,31457
AU,2011,Female,Lutheran,132865
AU,2011,Female,Pentecostal,128258
AU,2011,Female,Salvation Army,33761
AU,2011,Female,Seventh Day Adventist,34258
AU,2011,Female,Sikh,30067
AU,2011,Female,Spiritualist,8387
AU,2011,Female,United Church,589155
AU,2011,Female,Other Christians,19753
AU,2011,Female,Other Protestant,31910
AU,2011,Female,Other Religions,8083
AU,2011,Female,No Religion,2242678
AU,2011,Female,Not Specified,63249
AU,2011,Female,Jehovah's Witnesses,48156
AU,2011,Female,Not Stated,859728
AU,2011,Female,Christian nfd,251014
AU,2011,Female,Chinese Religions,2268
AU,2011,Female,Presbyterian and Reformed,311817
AU,2011,Female,Japanese Religions,1013
AU,2011,Female,Nature and earth based religions,20117
AU,2011,Female,"Theism, nec",1595
AU,2011,Female,Zoroastrianism,1155
AU,2011,Female,Australian Aboriginal Traditional Religion,3560
AU,2011,Female,Assyrian Apostolic,5472
AU,2011,Female,Oriental Orthodox,20373
BW,2011,Both Sexes,Total,2024904
BW,2011,Both Sexes,Badimo,60613
BW,2011,Both Sexes,Baha'i,2074
BW,2011,Both Sexes,Christian,1171537
BW,2011,Both Sexes,Hindu,3729
BW,2011,Both Sexes,Muslim,10941
BW,2011,Both Sexes,Rastafarian,2030
BW,2011,Both Sexes,Other,1461
BW,2011,Both Sexes,No Religion,225416
BW,2011,Both Sexes,Unknown,547103
BW,2011,Male,Total,988957
BW,2011,Male,Badimo,37781
BW,2011,Male,Baha'i,1104
BW,2011,Male,Christian,515891
BW,2011,Male,Hindu,2253
BW,2011,Male,Muslim,6566
BW,2011,Male,Rastafarian,1519
BW,2011,Male,Other,888
BW,2011,Male,No Religion,145349
BW,2011,Male,Unknown,277606
BW,2011,Female,Total,1035947
BW,2011,Female,Badimo,22832
BW,2011,Female,Baha'i,970
BW,2011,Female,Christian,655646
BW,2011,Female,Hindu,1476
BW,2011,Female,Muslim,4375
BW,2011,Female,Rastafarian,511
BW,2011,Female,Other,573
BW,2011,Female,No Religion,80067
BW,2011,Female,Unknown,269497
BN,2011,Both Sexes,Total,393372
BN,2011,Both Sexes,Buddhist,30814
BN,2011,Both Sexes,Christian,34176
BN,2011,Both Sexes,Muslim,309962
BN,2011,Both Sexes,Other Religions,18420
BN,2011,Male,Total,203144
BN,2011,Male,Buddhist,16716
BN,2011,Male,Christian,16738
BN,2011,Male,Muslim,159417
BN,2011,Male,Other Religions,10273
BN,2011,Female,Total,190228
BN,2011,Female,Buddhist,14098
BN,2011,Female,Christian,17438
BN,2011,Female,Muslim,150545
BN,2011,Female,Other Religions,8147
BG,2011,Both Sexes,Total,7364570
BG,2011,Both Sexes,Armeno-Gregorian,1715
BG,2011,Both Sexes,Catholic,48945
BG,2011,Both Sexes,Eastern Orthodox,4374135
BG,2011,Both Sexes,Muslim,577139
BG,2011,Both Sexes,Protestant,64476
BG,2011,Both Sexes,Yiddish,706
BG,2011,Both Sexes,Other,9023
BG,2011,Both Sexes,No Religion,272264
BG,2011,Both Sexes,Not Specified,409898
BG,2011,Both Sexes,Unknown,1606269
BG,2011,Male,Total,3586571
BG,2011,Male,Armeno-Gregorian,831
BG,2011,Male,Catholic,24628
BG,2011,Male,Eastern Orthodox,2056187
BG,2011,Male,Muslim,287658
BG,2011,Male,Protestant,27999
BG,2011,Male,Yiddish,333
BG,2011,Male,Other,4769
BG,2011,Male,No Religion,154310
BG,2011,Male,Not Specified,216765
BG,2011,Male,Unknown,813091
BG,2011,Female,Total,3777999
BG,2011,Female,Armeno-Gregorian,884
BG,2011,Female,Catholic,24317
BG,2011,Female,Eastern Orthodox,2317948
BG,2011,Female,Muslim,289481
BG,2011,Female,Protestant,36477
BG,2011,Female,Yiddish,373
BG,2011,Female,Other,4254
BG,2011,Female,No Religion,117954
BG,2011,Female,Not Specified,193133
BG,2011,Female,Unknown,793178
CA,2011,Both Sexes,Total,32852325
CA,2011,Both Sexes,Aboriginal spirituality,64940
CA,2011,Both Sexes,Adventist,66940
CA,2011,Both Sexes,Agnostic,36280
CA,2011,Both Sexes,Anglican,1631845
CA,2011,Both Sexes,Antiochian Orthodox Christian,1220
CA,2011,Both Sexes,Armenian Orthodox,13730
CA,2011,Both Sexes,Associated Gospel,5700
CA,2011,Both Sexes,Atheist,48675
CA,2011,Both Sexes,Baha'i,18945
CA,2011,Both Sexes,Baptist,635840
CA,2011,Both Sexes,Buddhist,366830
CA,2011,Both Sexes,Charismatic Renewal,1960
CA,2011,Both Sexes,Christadelphian,3000
CA,2011,Both Sexes,Christian Congregational,2510
CA,2011,Both Sexes,Christian and Mission Alliance,50720
CA,2011,Both Sexes,Christian or Plymouth Brethren,5370
CA,2011,Both Sexes,Christian Reformed Church,65395
CA,2011,Both Sexes,Church of Christ,15815
CA,2011,Both Sexes,Church of Jesus Christ of Latter-day Saints,105365
CA,2011,Both Sexes,Church of God,7290
CA,2011,Both Sexes,Church of Nazarene,9015
CA,2011,Both Sexes,Coptic Orthodox,16255
CA,2011,Both Sexes,Doukhobors,2290
CA,2011,Both Sexes,Dutch Reformed,4355
CA,2011,Both Sexes,Evangelical,92650
CA,2011,Both Sexes,Evangelical Free Church,6545
CA,2011,Both Sexes,Evangelical Missionary Church,7820
CA,2011,Both Sexes,Free Methodists,10555
CA,2011,Both Sexes,Gnostic,870
CA,2011,Both Sexes,Greek Orthodox,220255
CA,2011,Both Sexes,Hindu,497960
CA,2011,Both Sexes,Humanist,3450
CA,2011,Both Sexes,Interdenominational,1815
CA,2011,Both Sexes,Islam ,1053945
CA,2011,Both Sexes,Jains,3320
CA,2011,Both Sexes,Jehovah Witness,137780
CA,2011,Both Sexes,Jewish,329500
CA,2011,Both Sexes,Lutheran,478180
CA,2011,Both Sexes,Mennonite,179195
CA,2011,Both Sexes,Methodist,22750
CA,2011,Both Sexes,Mission de l'Esprit Saint,520
CA,2011,Both Sexes,Moravian,5020
CA,2011,Both Sexes,New Age,2225
CA,2011,Both Sexes,New Apostolic,5220
CA,2011,Both Sexes,Non-denominational,43595
CA,2011,Both Sexes,Pagan,15270
CA,2011,Both Sexes,Pentecostal,478705
CA,2011,Both Sexes,Presbyterian,472385
CA,2011,Both Sexes,Protestant nfd,550965
CA,2011,Both Sexes,Quakers,2725
CA,2011,Both Sexes,Rastafarian,1060
CA,2011,Both Sexes,Reorganized Church of Latter-day Saints,3300
CA,2011,Both Sexes,Roman Catholic,12728880
CA,2011,Both Sexes,Romanian Orthodox,7085
CA,2011,Both Sexes,Russian Orthodox,25245
CA,2011,Both Sexes,Salvation Army,70955
CA,2011,Both Sexes,Satanist,1050
CA,2011,Both Sexes,Scientology,1745
CA,2011,Both Sexes,Serbian Orthodox,22780
CA,2011,Both Sexes,Shinto,915
CA,2011,Both Sexes,Sikh,454960
CA,2011,Both Sexes,Spiritualist,4315
CA,2011,Both Sexes,Swedenborgian (New Church),840
CA,2011,Both Sexes,Taoist,3625
CA,2011,Both Sexes,Ukrainian Orthodox,23845
CA,2011,Both Sexes,Unitarian,15125
CA,2011,Both Sexes,United Church,2007610
CA,2011,Both Sexes,Unity-New Thought-Pantheist,2565
CA,2011,Both Sexes,Vineyard Christian Fellowship,1585
CA,2011,Both Sexes,Wesleyan,13290
CA,2011,Both Sexes,Worldwide Church of God,600
CA,2011,Both Sexes,Zoroastrian,6130
CA,2011,Both Sexes,Other Catholic,28865
CA,2011,Both Sexes,Other Christians,6145
CA,2011,Both Sexes,Other Orthodox Churches,220270
CA,2011,Both Sexes,Other Religions,53685
CA,2011,Both Sexes,Other Reformed Church,22965
CA,2011,Both Sexes,No Religion,7762200
CA,2011,Both Sexes,Ukrainian Catholic,51790
CA,2011,Both Sexes,Apostolic Christian Church,1600
CA,2011,Both Sexes,Brethren in Christ,18110
CA,2011,Both Sexes,"Christians, n.i.e.",1475565
CA,2011,Both Sexes,Canadian Reformed Church,10120
CA,2011,Male,Total,16163115
CA,2011,Male,Aboriginal spirituality,31805
CA,2011,Male,Adventist,29965
CA,2011,Male,Agnostic,20540
CA,2011,Male,Anglican,752945
CA,2011,Male,Antiochian Orthodox Christian,565
CA,2011,Male,Armenian Orthodox,6955
CA,2011,Male,Associated Gospel,2610
CA,2011,Male,Atheist,30775
CA,2011,Male,Baha'i,9160
CA,2011,Male,Baptist,293910
CA,2011,Male,Buddhist,168465
CA,2011,Male,Charismatic Renewal,915
CA,2011,Male,Christadelphian,1355
CA,2011,Male,Christian Congregational,1165
CA,2011,Male,Christian and Mission Alliance,23550
CA,2011,Male,Christian or Plymouth Brethren,2545
CA,2011,Male,Christian Reformed Church,32155
CA,2011,Male,Church of Christ,7220
CA,2011,Male,Church of Jesus Christ of Latter-day Saints,49995
CA,2011,Male,Church of God,3550
CA,2011,Male,Church of Nazarene,3945
CA,2011,Male,Coptic Orthodox,8410
CA,2011,Male,Doukhobors,1060
CA,2011,Male,Dutch Reformed,2215
CA,2011,Male,Evangelical,43835
CA,2011,Male,Evangelical Free Church,3085
CA,2011,Male,Evangelical Missionary Church,3635
CA,2011,Male,Free Methodists,4690
CA,2011,Male,Gnostic,435
CA,2011,Male,Greek Orthodox,110145
CA,2011,Male,Hindu,250430
CA,2011,Male,Humanist,1810
CA,2011,Male,Interdenominational,675
CA,2011,Male,Islam ,540555
CA,2011,Male,Jains,1700
CA,2011,Male,Jehovah Witness,61495
CA,2011,Male,Jewish,161265
CA,2011,Male,Lutheran,221525
CA,2011,Male,Mennonite,87370
CA,2011,Male,Methodist,10255
CA,2011,Male,Mission de l'Esprit Saint,240
CA,2011,Male,Moravian,2455
CA,2011,Male,New Age,905
CA,2011,Male,New Apostolic,2170
CA,2011,Male,Non-denominational,19525
CA,2011,Male,Pagan,6255
CA,2011,Male,Pentecostal,217845
CA,2011,Male,Presbyterian,218950
CA,2011,Male,Protestant nfd,261670
CA,2011,Male,Quakers,1220
CA,2011,Male,Rastafarian,760
CA,2011,Male,Reorganized Church of Latter-day Saints,1595
CA,2011,Male,Roman Catholic,6126990
CA,2011,Male,Romanian Orthodox,3460
CA,2011,Male,Russian Orthodox,10920
CA,2011,Male,Salvation Army,34210
CA,2011,Male,Satanist,785
CA,2011,Male,Scientology,995
CA,2011,Male,Serbian Orthodox,11730
CA,2011,Male,Shinto,250
CA,2011,Male,Sikh,229435
CA,2011,Male,Spiritualist,1580
CA,2011,Male,Swedenborgian (New Church),370
CA,2011,Male,Taoist,1995
CA,2011,Male,Ukrainian Orthodox,10850
CA,2011,Male,Unitarian,5590
CA,2011,Male,United Church,912545
CA,2011,Male,Unity-New Thought-Pantheist,685
CA,2011,Male,Vineyard Christian Fellowship,790
CA,2011,Male,Wesleyan,6345
CA,2011,Male,Worldwide Church of God,300
CA,2011,Male,Zoroastrian,3120
CA,2011,Male,Other Catholic,14435
CA,2011,Male,Other Christians,2985
CA,2011,Male,Other Orthodox Churches,107165
CA,2011,Male,Other Religions,23510
CA,2011,Male,Other Reformed Church,11355
CA,2011,Male,No Religion,4172510
CA,2011,Male,Ukrainian Catholic,25170
CA,2011,Male,Apostolic Christian Church,740
CA,2011,Male,Brethren in Christ,8615
CA,2011,Male,"Christians, n.i.e.",706180
CA,2011,Male,Canadian Reformed Church,5170
CA,2011,Female,Total,16689210
CA,2011,Female,Aboriginal spirituality,33135
CA,2011,Female,Adventist,36970
CA,2011,Female,Agnostic,15740
CA,2011,Female,Anglican,878900
CA,2011,Female,Antiochian Orthodox Christian,640
CA,2011,Female,Armenian Orthodox,6775
CA,2011,Female,Associated Gospel,3090
CA,2011,Female,Atheist,17900
CA,2011,Female,Baha'i,9785
CA,2011,Female,Baptist,341935
CA,2011,Female,Buddhist,198365
CA,2011,Female,Charismatic Renewal,1045
CA,2011,Female,Christadelphian,1645
CA,2011,Female,Christian Congregational,1345
CA,2011,Female,Christian and Mission Alliance,27175
CA,2011,Female,Christian or Plymouth Brethren,2825
CA,2011,Female,Christian Reformed Church,33240
CA,2011,Female,Church of Christ,8595
CA,2011,Female,Church of Jesus Christ of Latter-day Saints,55380
CA,2011,Female,Church of God,3740
CA,2011,Female,Church of Nazarene,5060
CA,2011,Female,Coptic Orthodox,7845
CA,2011,Female,Doukhobors,1230
CA,2011,Female,Dutch Reformed,2135
CA,2011,Female,Evangelical,48810
CA,2011,Female,Evangelical Free Church,3455
CA,2011,Female,Evangelical Missionary Church,4190
CA,2011,Female,Free Methodists,5860
CA,2011,Female,Gnostic,435
CA,2011,Female,Greek Orthodox,110105
CA,2011,Female,Hindu,247530
CA,2011,Female,Humanist,1640
CA,2011,Female,Interdenominational,1140
CA,2011,Female,Islam ,513390
CA,2011,Female,Jains,1600
CA,2011,Female,Jehovah Witness,76285
CA,2011,Female,Jewish,168235
CA,2011,Female,Lutheran,256660
CA,2011,Female,Mennonite,91820
CA,2011,Female,Methodist,12490
CA,2011,Female,Mission de l'Esprit Saint,275
CA,2011,Female,Moravian,2570
CA,2011,Female,New Age,1320
CA,2011,Female,New Apostolic,3050
CA,2011,Female,Non-denominational,24065
CA,2011,Female,Pagan,9015
CA,2011,Female,Pentecostal,260850
CA,2011,Female,Presbyterian,253425
CA,2011,Female,Protestant nfd,289295
CA,2011,Female,Quakers,1505
CA,2011,Female,Rastafarian,300
CA,2011,Female,Reorganized Church of Latter-day Saints,1700
CA,2011,Female,Roman Catholic,6601890
CA,2011,Female,Romanian Orthodox,3635
CA,2011,Female,Russian Orthodox,14330
CA,2011,Female,Salvation Army,36750
CA,2011,Female,Satanist,265
CA,2011,Female,Scientology,745
CA,2011,Female,Serbian Orthodox,11050
CA,2011,Female,Shinto,650
CA,2011,Female,Sikh,225530
CA,2011,Female,Spiritualist,2730
CA,2011,Female,Swedenborgian (New Church),460
CA,2011,Female,Taoist,1625
CA,2011,Female,Ukrainian Orthodox,12995
CA,2011,Female,Unitarian,9540
CA,2011,Female,United Church,1095070
CA,2011,Female,Unity-New Thought-Pantheist,1880
CA,2011,Female,Vineyard Christian Fellowship,795
CA,2011,Female,Wesleyan,6940
CA,2011,Female,Worldwide Church of God,300
CA,2011,Female,Zoroastrian,3015
CA,2011,Female,Other Catholic,14420
CA,2011,Female,Other Christians,3160
CA,2011,Female,Other Orthodox Churches,113110
CA,2011,Female,Other Religions,30170
CA,2011,Female,Other Reformed Church,11610
CA,2011,Female,No Religion,3589685
CA,2011,Female,Ukrainian Catholic,26620
CA,2011,Female,Apostolic Christian Church,860
CA,2011,Female,Brethren in Christ,9490
CA,2011,Female,"Christians, n.i.e.",769390
CA,2011,Female,Canadian Reformed Church,4940
CK,2011,Both Sexes,Total,14974
CK,2011,Both Sexes,Apostolic,310
CK,2011,Both Sexes,Assembly of God,557
CK,2011,Both Sexes,Latter Day Saints,656
CK,2011,Both Sexes,Roman Catholic,2540
CK,2011,Both Sexes,Seventh Day Adventist,1190
CK,2011,Both Sexes,Other Religions,1201
CK,2011,Both Sexes,No Religion,841
CK,2011,Both Sexes,Cook Islands Christian Church,7356
CK,2011,Both Sexes,Unknown,323
CK,2011,Male,Total,7490
CK,2011,Male,Apostolic,146
CK,2011,Male,Assembly of God,260
CK,2011,Male,Latter Day Saints,314
CK,2011,Male,Roman Catholic,1258
CK,2011,Male,Seventh Day Adventist,578
CK,2011,Male,Other Religions,559
CK,2011,Male,No Religion,461
CK,2011,Male,Cook Islands Christian Church,3733
CK,2011,Male,Unknown,181
CK,2011,Female,Total,7484
CK,2011,Female,Apostolic,164
CK,2011,Female,Assembly of God,297
CK,2011,Female,Latter Day Saints,342
CK,2011,Female,Roman Catholic,1282
CK,2011,Female,Seventh Day Adventist,612
CK,2011,Female,Other Religions,642
CK,2011,Female,No Religion,380
CK,2011,Female,Cook Islands Christian Church,3623
CK,2011,Female,Unknown,142
HR,2011,Both Sexes,Total,4284889
HR,2011,Both Sexes,Agnostic,32518
HR,2011,Both Sexes,Atheist,163375
HR,2011,Both Sexes,Catholic,3697143
HR,2011,Both Sexes,Jewish,536
HR,2011,Both Sexes,Muslim,62977
HR,2011,Both Sexes,Oriental,2550
HR,2011,Both Sexes,Orthodox,190143
HR,2011,Both Sexes,Protestant,14653
HR,2011,Both Sexes,Other Christians,12961
HR,2011,Both Sexes,Other Religions,2555
HR,2011,Both Sexes,Not Declared,93018
HR,2011,Both Sexes,Unknown,12460
HR,2011,Male,Total,2066335
HR,2011,Male,Agnostic,16838
HR,2011,Male,Atheist,92072
HR,2011,Male,Catholic,1767226
HR,2011,Male,Jewish,253
HR,2011,Male,Muslim,33421
HR,2011,Male,Oriental,1358
HR,2011,Male,Orthodox,89188
HR,2011,Male,Protestant,6563
HR,2011,Male,Other Christians,5305
HR,2011,Male,Other Religions,1582
HR,2011,Male,Not Declared,46617
HR,2011,Male,Unknown,5912
HR,2011,Female,Total,2218554
HR,2011,Female,Agnostic,15680
HR,2011,Female,Atheist,71303
HR,2011,Female,Catholic,1929917
HR,2011,Female,Jewish,283
HR,2011,Female,Muslim,29556
HR,2011,Female,Oriental,1192
HR,2011,Female,Orthodox,100955
HR,2011,Female,Protestant,8090
HR,2011,Female,Other Christians,7656
HR,2011,Female,Other Religions,973
HR,2011,Female,Not Declared,46401
HR,2011,Female,Unknown,6548
CZ,2011,Both Sexes,Total,10436560
CZ,2011,Both Sexes,Atheist,1058
CZ,2011,Both Sexes,Brethren,10865
CZ,2011,Both Sexes,Catholic,9883
CZ,2011,Both Sexes,Christian,9377
CZ,2011,Both Sexes,Czechoslovak Hussite Church,39229
CZ,2011,Both Sexes,Evangelical,51858
CZ,2011,Both Sexes,Old Catholic Church,1730
CZ,2011,Both Sexes,Orthodox,20533
CZ,2011,Both Sexes,Roman Catholic,1082463
CZ,2011,Both Sexes,Seventh Day Adventist,7391
CZ,2011,Both Sexes,Other Religions,209028
CZ,2011,Both Sexes,No Religion,3604095
CZ,2011,Both Sexes,Not Specified,705368
CZ,2011,Both Sexes,Jehovah's Witnesses,13069
CZ,2011,Both Sexes,Silesian Evangelical Church,8158
CZ,2011,Both Sexes,Unknown,4662455
CZ,2011,Male,Total,5109766
CZ,2011,Male,Atheist,698
CZ,2011,Male,Brethren,4976
CZ,2011,Male,Catholic,4664
CZ,2011,Male,Christian,4156
CZ,2011,Male,Czechoslovak Hussite Church,15150
CZ,2011,Male,Evangelical,22214
CZ,2011,Male,Old Catholic Church,738
CZ,2011,Male,Orthodox,10063
CZ,2011,Male,Roman Catholic,467493
CZ,2011,Male,Seventh Day Adventist,3304
CZ,2011,Male,Other Religions,101695
CZ,2011,Male,No Religion,1838898
CZ,2011,Male,Not Specified,316694
CZ,2011,Male,Jehovah's Witnesses,5341
CZ,2011,Male,Silesian Evangelical Church,3588
CZ,2011,Male,Unknown,2310094
CZ,2011,Female,Total,5326794
CZ,2011,Female,Atheist,360
CZ,2011,Female,Brethren,5889
CZ,2011,Female,Catholic,5219
CZ,2011,Female,Christian,5221
CZ,2011,Female,Czechoslovak Hussite Church,24079
CZ,2011,Female,Evangelical,29644
CZ,2011,Female,Old Catholic Church,992
CZ,2011,Female,Orthodox,10470
CZ,2011,Female,Roman Catholic,614970
CZ,2011,Female,Seventh Day Adventist,4087
CZ,2011,Female,Other Religions,107333
CZ,2011,Female,No Religion,1765197
CZ,2011,Female,Not Specified,388674
CZ,2011,Female,Jehovah's Witnesses,7728
CZ,2011,Female,Silesian Evangelical Church,4570
CZ,2011,Female,Unknown,2352361
EE,2011,Both Sexes,Total,1094564
EE,2011,Both Sexes,Adventist,1194
EE,2011,Both Sexes,Apostolic,341
EE,2011,Both Sexes,Baptist,4507
EE,2011,Both Sexes,Buddhist,1145
EE,2011,Both Sexes,Hare Rama Hare Krishna,121
EE,2011,Both Sexes,Hindu,142
EE,2011,Both Sexes,Jehovah Witness,3938
EE,2011,Both Sexes,Judaism,355
EE,2011,Both Sexes,Lutheran,108513
EE,2011,Both Sexes,Methodist,1098
EE,2011,Both Sexes,Mormon,185
EE,2011,Both Sexes,Muslim,1508
EE,2011,Both Sexes,New Age,272
EE,2011,Both Sexes,Old Believers,2605
EE,2011,Both Sexes,Orthodox,176773
EE,2011,Both Sexes,Pagan,341
EE,2011,Both Sexes,Pentecostal,1855
EE,2011,Both Sexes,Roman Catholic,4501
EE,2011,Both Sexes,Satanist,120
EE,2011,Both Sexes,Spiritualist,100
EE,2011,Both Sexes,Taoist,144
EE,2011,Both Sexes,Other Christians,1899
EE,2011,Both Sexes,Other Religions,1228
EE,2011,Both Sexes,Refused to answer,157216
EE,2011,Both Sexes,No Religion,592588
EE,2011,Both Sexes,Not Specified,1804
EE,2011,Both Sexes,Church of Charismatic Fellowship,99
EE,2011,Both Sexes,Church of Christian Fellowship,269
EE,2011,Both Sexes,Estonian Ancient Belief,291
EE,2011,Both Sexes,Russian Catholic Orthodox Church,160
EE,2011,Both Sexes,Ukrainian Greek-Catholic Church,124
EE,2011,Both Sexes,Charismatic Episcopal Church,79
EE,2011,Both Sexes,Taara or Earth Believer,2972
EE,2011,Both Sexes,Christian Free Congregations,2189
EE,2011,Both Sexes,Unknown,23888
EE,2011,Male,Total,497638
EE,2011,Male,Adventist,413
EE,2011,Male,Apostolic,157
EE,2011,Male,Baptist,1498
EE,2011,Male,Buddhist,599
EE,2011,Male,Hare Rama Hare Krishna,55
EE,2011,Male,Hindu,91
EE,2011,Male,Jehovah Witness,1183
EE,2011,Male,Judaism,179
EE,2011,Male,Lutheran,35116
EE,2011,Male,Methodist,413
EE,2011,Male,Mormon,97
EE,2011,Male,Muslim,813
EE,2011,Male,New Age,80
EE,2011,Male,Old Believers,1108
EE,2011,Male,Orthodox,67011
EE,2011,Male,Pagan,260
EE,2011,Male,Pentecostal,701
EE,2011,Male,Roman Catholic,1876
EE,2011,Male,Satanist,91
EE,2011,Male,Spiritualist,29
EE,2011,Male,Taoist,91
EE,2011,Male,Other Christians,791
EE,2011,Male,Other Religions,703
EE,2011,Male,Refused to answer,70111
EE,2011,Male,No Religion,297219
EE,2011,Male,Not Specified,832
EE,2011,Male,Church of Charismatic Fellowship,37
EE,2011,Male,Church of Christian Fellowship,86
EE,2011,Male,Estonian Ancient Belief,159
EE,2011,Male,Russian Catholic Orthodox Church,65
EE,2011,Male,Ukrainian Greek-Catholic Church,62
EE,2011,Male,Charismatic Episcopal Church,29
EE,2011,Male,Taara or Earth Believer,1748
EE,2011,Male,Christian Free Congregations,835
EE,2011,Male,Unknown,13100
EE,2011,Female,Total,596926
EE,2011,Female,Adventist,781
EE,2011,Female,Apostolic,184
EE,2011,Female,Baptist,3009
EE,2011,Female,Buddhist,546
EE,2011,Female,Hare Rama Hare Krishna,66
EE,2011,Female,Hindu,51
EE,2011,Female,Jehovah Witness,2755
EE,2011,Female,Judaism,176
EE,2011,Female,Lutheran,73397
EE,2011,Female,Methodist,685
EE,2011,Female,Mormon,88
EE,2011,Female,Muslim,695
EE,2011,Female,New Age,192
EE,2011,Female,Old Believers,1497
EE,2011,Female,Orthodox,109762
EE,2011,Female,Pagan,81
EE,2011,Female,Pentecostal,1154
EE,2011,Female,Roman Catholic,2625
EE,2011,Female,Satanist,29
EE,2011,Female,Spiritualist,71
EE,2011,Female,Taoist,53
EE,2011,Female,Other Christians,1108
EE,2011,Female,Other Religions,525
EE,2011,Female,Refused to answer,87105
EE,2011,Female,No Religion,295369
EE,2011,Female,Not Specified,972
EE,2011,Female,Church of Charismatic Fellowship,62
EE,2011,Female,Church of Christian Fellowship,183
EE,2011,Female,Estonian Ancient Belief,132
EE,2011,Female,Russian Catholic Orthodox Church,95
EE,2011,Female,Ukrainian Greek-Catholic Church,62
EE,2011,Female,Charismatic Episcopal Church,50
EE,2011,Female,Taara or Earth Believer,1224
EE,2011,Female,Christian Free Congregations,1354
EE,2011,Female,Unknown,10788
DE,2011,Both Sexes,Total,80219695
DE,2011,Both Sexes,Protestant,23369341
DE,2011,Both Sexes,Roman Catholic,24066604
DE,2011,Both Sexes,Other,32783750
DE,2011,Male,Total,39145941
DE,2011,Male,Protestant,10531664
DE,2011,Male,Roman Catholic,11298612
DE,2011,Male,Other,17315665
DE,2011,Female,Total,41073754
DE,2011,Female,Protestant,12837677
DE,2011,Female,Roman Catholic,12767992
DE,2011,Female,Other,15468085
HU,2011,Both Sexes,Total,9937628
HU,2011,Both Sexes,Adventist,6213
HU,2011,Both Sexes,Atheist,147386
HU,2011,Both Sexes,Baptist,18211
HU,2011,Both Sexes,Calvinist,1153454
HU,2011,Both Sexes,Greek Catholic,179176
HU,2011,Both Sexes,Jewish,10965
HU,2011,Both Sexes,Lutheran,215093
HU,2011,Both Sexes,Orthodox,13710
HU,2011,Both Sexes,Roman Catholic,3691389
HU,2011,Both Sexes,Other,84506
HU,2011,Both Sexes,Other Catholic,1357
HU,2011,Both Sexes,Other Protestant,58301
HU,2011,Both Sexes,Not Declared,2698844
HU,2011,Both Sexes,,1659023
HU,2011,Male,Total,4718479
HU,2011,Male,Adventist,2517
HU,2011,Male,Atheist,89613
HU,2011,Male,Baptist,7870
HU,2011,Male,Calvinist,519968
HU,2011,Male,Greek Catholic,82807
HU,2011,Male,Jewish,5471
HU,2011,Male,Lutheran,95493
HU,2011,Male,Orthodox,6213
HU,2011,Male,Roman Catholic,1670084
HU,2011,Male,Other,41438
HU,2011,Male,Other Catholic,674
HU,2011,Male,Other Protestant,25925
HU,2011,Male,Not Declared,1321216
HU,2011,Male,,849190
HU,2011,Female,Total,5219149
HU,2011,Female,Adventist,3696
HU,2011,Female,Atheist,57773
HU,2011,Female,Baptist,10341
HU,2011,Female,Calvinist,633486
HU,2011,Female,Greek Catholic,96369
HU,2011,Female,Jewish,5494
HU,2011,Female,Lutheran,119600
HU,2011,Female,Orthodox,7497
HU,2011,Female,Roman Catholic,2021305
HU,2011,Female,Other,43068
HU,2011,Female,Other Catholic,683
HU,2011,Female,Other Protestant,32376
HU,2011,Female,Not Declared,1377628
HU,2011,Female,,809833
IR,2011,Both Sexes,Total,75149669
IR,2011,Both Sexes,Christian,117704
IR,2011,Both Sexes,Jewish,8756
IR,2011,Both Sexes,Muslim,74682938
IR,2011,Both Sexes,Zoroastrian,25271
IR,2011,Both Sexes,Other Religions,49101
IR,2011,Both Sexes,Not Specified,265899
IR,2011,Male,Total,37905669
IR,2011,Male,Christian,63927
IR,2011,Male,Jewish,4496
IR,2011,Male,Muslim,37542060
IR,2011,Male,Zoroastrian,13880
IR,2011,Male,Other Religions,24985
IR,2011,Male,Not Specified,256321
IR,2011,Female,Total,37244000
IR,2011,Female,Christian,53777
IR,2011,Female,Jewish,4260
IR,2011,Female,Muslim,37140878
IR,2011,Female,Zoroastrian,11391
IR,2011,Female,Other Religions,24116
IR,2011,Female,Not Specified,9578
IE,2011,Both Sexes,Total,4588252
IE,2011,Both Sexes,Agnostic,3521
IE,2011,Both Sexes,Apostolic,14043
IE,2011,Both Sexes,Atheist,3905
IE,2011,Both Sexes,Baha'i,520
IE,2011,Both Sexes,Baptist,3531
IE,2011,Both Sexes,Brethren,336
IE,2011,Both Sexes,Buddhist,8703
IE,2011,Both Sexes,Christian,41161
IE,2011,Both Sexes,Church of Ireland,129039
IE,2011,Both Sexes,Evangelical,4188
IE,2011,Both Sexes,Hindu,10688
IE,2011,Both Sexes,Jehovah Witness,6149
IE,2011,Both Sexes,Jewish,1984
IE,2011,Both Sexes,Lapsed Roman Catholic,1279
IE,2011,Both Sexes,Latter Day Saints,1284
IE,2011,Both Sexes,Lutheran,5683
IE,2011,Both Sexes,Methodist,6842
IE,2011,Both Sexes,Muslim,49204
IE,2011,Both Sexes,Orthodox,45223
IE,2011,Both Sexes,Pantheism,1940
IE,2011,Both Sexes,Presbyterian,24600
IE,2011,Both Sexes,Protestant,5326
IE,2011,Both Sexes,Quakers,925
IE,2011,Both Sexes,Roman Catholic,3861335
IE,2011,Both Sexes,Other Religions,14118
IE,2011,Both Sexes,No Religion,269811
IE,2011,Both Sexes,Not Stated,72914
IE,2011,Male,Total,2272699
IE,2011,Male,Agnostic,2072
IE,2011,Male,Apostolic,6498
IE,2011,Male,Atheist,2573
IE,2011,Male,Baha'i,266
IE,2011,Male,Baptist,1673
IE,2011,Male,Brethren,159
IE,2011,Male,Buddhist,3955
IE,2011,Male,Christian,19106
IE,2011,Male,Church of Ireland,63455
IE,2011,Male,Evangelical,1904
IE,2011,Male,Hindu,6192
IE,2011,Male,Jehovah Witness,2767
IE,2011,Male,Jewish,999
IE,2011,Male,Lapsed Roman Catholic,546
IE,2011,Male,Latter Day Saints,619
IE,2011,Male,Lutheran,2165
IE,2011,Male,Methodist,3314
IE,2011,Male,Muslim,28127
IE,2011,Male,Orthodox,21942
IE,2011,Male,Pantheism,866
IE,2011,Male,Presbyterian,12350
IE,2011,Male,Protestant,2316
IE,2011,Male,Quakers,428
IE,2011,Male,Roman Catholic,1884192
IE,2011,Male,Other Religions,7672
IE,2011,Male,No Religion,157219
IE,2011,Male,Not Stated,39324
IE,2011,Female,Total,2315553
IE,2011,Female,Agnostic,1449
IE,2011,Female,Apostolic,7545
IE,2011,Female,Atheist,1332
IE,2011,Female,Baha'i,254
IE,2011,Female,Baptist,1858
IE,2011,Female,Brethren,177
IE,2011,Female,Buddhist,4748
IE,2011,Female,Christian,22055
IE,2011,Female,Church of Ireland,65584
IE,2011,Female,Evangelical,2284
IE,2011,Female,Hindu,4496
IE,2011,Female,Jehovah Witness,3382
IE,2011,Female,Jewish,985
IE,2011,Female,Lapsed Roman Catholic,733
IE,2011,Female,Latter Day Saints,665
IE,2011,Female,Lutheran,3518
IE,2011,Female,Methodist,3528
IE,2011,Female,Muslim,21077
IE,2011,Female,Orthodox,23281
IE,2011,Female,Pantheism,1074
IE,2011,Female,Presbyterian,12250
IE,2011,Female,Protestant,3010
IE,2011,Female,Quakers,497
IE,2011,Female,Roman Catholic,1977143
IE,2011,Female,Other Religions,6446
IE,2011,Female,No Religion,112592
IE,2011,Female,Not Stated,33590
JM,2011,Both Sexes,Total,2684256
JM,2011,Both Sexes,Anglican,74995
JM,2011,Both Sexes,Baha'i,269
JM,2011,Both Sexes,Baptist,180626
JM,2011,Both Sexes,Brethren,23647
JM,2011,Both Sexes,Church of God of Prophecy,121264
JM,2011,Both Sexes,Hindu,1839
JM,2011,Both Sexes,Islam ,1511
JM,2011,Both Sexes,Jehovah Witness,50843
JM,2011,Both Sexes,Judaism,506
JM,2011,Both Sexes,Methodist,43362
JM,2011,Both Sexes,Moravian,18351
JM,2011,Both Sexes,Pentecostal,295209
JM,2011,Both Sexes,Rastafarian,29028
JM,2011,Both Sexes,Revived,36309
JM,2011,Both Sexes,Roman Catholic,58010
JM,2011,Both Sexes,Seventh Day Adventist,322202
JM,2011,Both Sexes,United Church,55419
JM,2011,Both Sexes,Other Church of God,246790
JM,2011,Both Sexes,Other Religions,169000
JM,2011,Both Sexes,No Religion,571988
JM,2011,Both Sexes,Not Specified,61403
JM,2011,Both Sexes,New Testament Church of God,192128
JM,2011,Both Sexes,Church of God in Jamaica,129557
JM,2011,Male,Total,1324669
JM,2011,Male,Anglican,34310
JM,2011,Male,Baha'i,136
JM,2011,Male,Baptist,81178
JM,2011,Male,Brethren,10230
JM,2011,Male,Church of God of Prophecy,53413
JM,2011,Male,Hindu,1071
JM,2011,Male,Islam ,1051
JM,2011,Male,Jehovah Witness,21290
JM,2011,Male,Judaism,256
JM,2011,Male,Methodist,19258
JM,2011,Male,Moravian,8608
JM,2011,Male,Pentecostal,125831
JM,2011,Male,Rastafarian,25322
JM,2011,Male,Revived,14039
JM,2011,Male,Roman Catholic,27306
JM,2011,Male,Seventh Day Adventist,147271
JM,2011,Male,United Church,24051
JM,2011,Male,Other Church of God,106035
JM,2011,Male,Other Religions,71014
JM,2011,Male,No Religion,382399
JM,2011,Male,Not Specified,31173
JM,2011,Male,New Testament Church of God,83826
JM,2011,Male,Church of God in Jamaica,55601
JM,2011,Female,Total,1359587
JM,2011,Female,Anglican,40685
JM,2011,Female,Baha'i,133
JM,2011,Female,Baptist,99448
JM,2011,Female,Brethren,13417
JM,2011,Female,Church of God of Prophecy,67851
JM,2011,Female,Hindu,768
JM,2011,Female,Islam ,460
JM,2011,Female,Jehovah Witness,29553
JM,2011,Female,Judaism,250
JM,2011,Female,Methodist,24104
JM,2011,Female,Moravian,9743
JM,2011,Female,Pentecostal,169378
JM,2011,Female,Rastafarian,3706
JM,2011,Female,Revived,22270
JM,2011,Female,Roman Catholic,30704
JM,2011,Female,Seventh Day Adventist,174931
JM,2011,Female,United Church,31368
JM,2011,Female,Other Church of God,140755
JM,2011,Female,Other Religions,97986
JM,2011,Female,No Religion,189589
JM,2011,Female,Not Specified,30230
JM,2011,Female,New Testament Church of God,108302
JM,2011,Female,Church of God in Jamaica,73956
LT,2011,Both Sexes,Total,3043429
LT,2011,Both Sexes,Agnostic,382
LT,2011,Both Sexes,Armenian Apostolic,138
LT,2011,Both Sexes,Baha'i,29
LT,2011,Both Sexes,Balts Believers,5118
LT,2011,Both Sexes,Baptist,1336
LT,2011,Both Sexes,Buddhist,626
LT,2011,Both Sexes,Christian,1310
LT,2011,Both Sexes,Church of Christ,516
LT,2011,Both Sexes,Church of Jesus Christ of Latter-day Saints,129
LT,2011,Both Sexes,Church of Scientology,25
LT,2011,Both Sexes,Evangelical Lutherans,18376
LT,2011,Both Sexes,Evangelical Reformists,6731
LT,2011,Both Sexes,Greek Catholic,706
LT,2011,Both Sexes,Jehovah Witness,2927
LT,2011,Both Sexes,Judaism,1229
LT,2011,Both Sexes,Karaite,310
LT,2011,Both Sexes,Methodist,364
LT,2011,Both Sexes,New Apostolic,422
LT,2011,Both Sexes,Old Believers,23330
LT,2011,Both Sexes,Orthodox,125189
LT,2011,Both Sexes,Pentecostal,1852
LT,2011,Both Sexes,Protestant,1206
LT,2011,Both Sexes,Roman Catholic,2350478
LT,2011,Both Sexes,Seventh Day Adventist,920
LT,2011,Both Sexes,Society for Krishna Consciousness,344
LT,2011,Both Sexes,Sunni Muslims,2727
LT,2011,Both Sexes,Other,356
LT,2011,Both Sexes,No Religion,186670
LT,2011,Both Sexes,Not Stated,307757
LT,2011,Both Sexes,Word of Faith,995
LT,2011,Both Sexes,Charismatic Evangelical Church,931
LT,2011,Male,Total,1402604
LT,2011,Male,Agnostic,172
LT,2011,Male,Armenian Apostolic,90
LT,2011,Male,Baha'i,14
LT,2011,Male,Balts Believers,2990
LT,2011,Male,Baptist,574
LT,2011,Male,Buddhist,392
LT,2011,Male,Christian,546
LT,2011,Male,Church of Christ,214
LT,2011,Male,Church of Jesus Christ of Latter-day Saints,61
LT,2011,Male,Church of Scientology,12
LT,2011,Male,Evangelical Lutherans,8227
LT,2011,Male,Evangelical Reformists,2893
LT,2011,Male,Greek Catholic,335
LT,2011,Male,Jehovah Witness,937
LT,2011,Male,Judaism,638
LT,2011,Male,Karaite,172
LT,2011,Male,Methodist,136
LT,2011,Male,New Apostolic,162
LT,2011,Male,Old Believers,10248
LT,2011,Male,Orthodox,52947
LT,2011,Male,Pentecostal,774
LT,2011,Male,Protestant,527
LT,2011,Male,Roman Catholic,1060687
LT,2011,Male,Seventh Day Adventist,371
LT,2011,Male,Society for Krishna Consciousness,189
LT,2011,Male,Sunni Muslims,1565
LT,2011,Male,Other,206
LT,2011,Male,No Religion,105744
LT,2011,Male,Not Stated,149997
LT,2011,Male,Word of Faith,396
LT,2011,Male,Charismatic Evangelical Church,388
LT,2011,Female,Total,1640825
LT,2011,Female,Agnostic,210
LT,2011,Female,Armenian Apostolic,48
LT,2011,Female,Baha'i,15
LT,2011,Female,Balts Believers,2128
LT,2011,Female,Baptist,762
LT,2011,Female,Buddhist,234
LT,2011,Female,Christian,764
LT,2011,Female,Church of Christ,302
LT,2011,Female,Church of Jesus Christ of Latter-day Saints,68
LT,2011,Female,Church of Scientology,13
LT,2011,Female,Evangelical Lutherans,10149
LT,2011,Female,Evangelical Reformists,3838
LT,2011,Female,Greek Catholic,371
LT,2011,Female,Jehovah Witness,1990
LT,2011,Female,Judaism,591
LT,2011,Female,Karaite,138
LT,2011,Female,Methodist,228
LT,2011,Female,New Apostolic,260
LT,2011,Female,Old Believers,13082
LT,2011,Female,Orthodox,72242
LT,2011,Female,Pentecostal,1078
LT,2011,Female,Protestant,679
LT,2011,Female,Roman Catholic,1289791
LT,2011,Female,Seventh Day Adventist,549
LT,2011,Female,Society for Krishna Consciousness,155
LT,2011,Female,Sunni Muslims,1162
LT,2011,Female,Other,150
LT,2011,Female,No Religion,80926
LT,2011,Female,Not Stated,157760
LT,2011,Female,Word of Faith,599
LT,2011,Female,Charismatic Evangelical Church,543
MU,2011,Both Sexes,Total,1236817
MU,2011,Both Sexes,Adventist,4428
MU,2011,Both Sexes,Ahir,10
MU,2011,Both Sexes,Ahmadhya,1265
MU,2011,Both Sexes,Apostolic,70
MU,2011,Both Sexes,Arya Samajist,271
MU,2011,Both Sexes,Aryan,134
MU,2011,Both Sexes,Assembly of God,8692
MU,2011,Both Sexes,Baha'i,645
MU,2011,Both Sexes,Baptist,52
MU,2011,Both Sexes,Buddhist,2172
MU,2011,Both Sexes,Chinese,3040
MU,2011,Both Sexes,Christian,47774
MU,2011,Both Sexes,Christian Tamil,53
MU,2011,Both Sexes,Church of England,2788
MU,2011,Both Sexes,Evangelical,199
MU,2011,Both Sexes,Full Gospel Church,77
MU,2011,Both Sexes,Hindu,469313
MU,2011,Both Sexes,Islam ,59178
MU,2011,Both Sexes,Jewish,43
MU,2011,Both Sexes,Kabir Panthis,66
MU,2011,Both Sexes,Marathi & Marathi Hindu,20654
MU,2011,Both Sexes,Methodist,29
MU,2011,Both Sexes,Mission Salut et Guerison,3731
MU,2011,Both Sexes,Mormon,40
MU,2011,Both Sexes,Muslim,153505
MU,2011,Both Sexes,Pentecostal,6817
MU,2011,Both Sexes,Presbyterian,501
MU,2011,Both Sexes,Protestant,620
MU,2011,Both Sexes,Puranic,48
MU,2011,Both Sexes,Rajput,2320
MU,2011,Both Sexes,Revived,223
MU,2011,Both Sexes,Roman Catholic,324811
MU,2011,Both Sexes,Tamil and Tamil Hindu,72036
MU,2011,Both Sexes,Tmoin de Jehovah,2173
MU,2011,Both Sexes,Telegu and Telegu Hindu,27809
MU,2011,Both Sexes,Vaish,49
MU,2011,Both Sexes,Vedic,6318
MU,2011,Both Sexes,Other Christians,748
MU,2011,Both Sexes,Other Hindu,183
MU,2011,Both Sexes,Other Religions,1835
MU,2011,Both Sexes,No Religion,8772
MU,2011,Both Sexes,Sanatanist,868
MU,2011,Both Sexes,Other Muslims,21
MU,2011,Both Sexes,Not Stated,1398
MU,2011,Both Sexes,Christian Orthodox,34
MU,2011,Both Sexes,Eglise Chrtienne,142
MU,2011,Both Sexes,La Voix de la Delivrance,731
MU,2011,Both Sexes,Peniel Tabernacle,43
MU,2011,Both Sexes,"Arya Samajist, Other",25
MU,2011,Both Sexes,Other Chinese,63
MU,2011,Both Sexes,Unknown,25
MU,2011,Male,Total,610848
MU,2011,Male,Adventist,2064
MU,2011,Male,Ahir,5
MU,2011,Male,Ahmadhya,646
MU,2011,Male,Apostolic,28
MU,2011,Male,Arya Samajist,116
MU,2011,Male,Aryan,66
MU,2011,Male,Assembly of God,4108
MU,2011,Male,Baha'i,324
MU,2011,Male,Baptist,28
MU,2011,Male,Buddhist,905
MU,2011,Male,Chinese,1241
MU,2011,Male,Christian,24534
MU,2011,Male,Christian Tamil,29
MU,2011,Male,Church of England,1416
MU,2011,Male,Evangelical,108
MU,2011,Male,Full Gospel Church,32
MU,2011,Male,Hindu,231799
MU,2011,Male,Islam ,29186
MU,2011,Male,Jewish,26
MU,2011,Male,Kabir Panthis,30
MU,2011,Male,Marathi & Marathi Hindu,10097
MU,2011,Male,Methodist,16
MU,2011,Male,Mission Salut et Guerison,1747
MU,2011,Male,Mormon,23
MU,2011,Male,Muslim,75190
MU,2011,Male,Pentecostal,3237
MU,2011,Male,Presbyterian,239
MU,2011,Male,Protestant,338
MU,2011,Male,Puranic,25
MU,2011,Male,Rajput,1180
MU,2011,Male,Revived,123
MU,2011,Male,Roman Catholic,161178
MU,2011,Male,Tamil and Tamil Hindu,35082
MU,2011,Male,Tmoin de Jehovah,983
MU,2011,Male,Telegu and Telegu Hindu,13512
MU,2011,Male,Vaish,28
MU,2011,Male,Vedic,3127
MU,2011,Male,Other Christians,333
MU,2011,Male,Other Hindu,121
MU,2011,Male,Other Religions,949
MU,2011,Male,No Religion,5000
MU,2011,Male,Sanatanist,414
MU,2011,Male,Other Muslims,13
MU,2011,Male,Not Stated,743
MU,2011,Male,Christian Orthodox,6
MU,2011,Male,Eglise Chrtienne,70
MU,2011,Male,La Voix de la Delivrance,326
MU,2011,Male,Peniel Tabernacle,25
MU,2011,Male,"Arya Samajist, Other",9
MU,2011,Male,Other Chinese,23
MU,2011,Male,Unknown,9
MU,2011,Female,Total,625969
MU,2011,Female,Adventist,2364
MU,2011,Female,Ahir,5
MU,2011,Female,Ahmadhya,619
MU,2011,Female,Apostolic,42
MU,2011,Female,Arya Samajist,155
MU,2011,Female,Aryan,68
MU,2011,Female,Assembly of God,4584
MU,2011,Female,Baha'i,321
MU,2011,Female,Baptist,24
MU,2011,Female,Buddhist,1267
MU,2011,Female,Chinese,1799
MU,2011,Female,Christian,23240
MU,2011,Female,Christian Tamil,24
MU,2011,Female,Church of England,1372
MU,2011,Female,Evangelical,91
MU,2011,Female,Full Gospel Church,45
MU,2011,Female,Hindu,237514
MU,2011,Female,Islam ,29992
MU,2011,Female,Jewish,17
MU,2011,Female,Kabir Panthis,36
MU,2011,Female,Marathi & Marathi Hindu,10557
MU,2011,Female,Methodist,13
MU,2011,Female,Mission Salut et Guerison,1984
MU,2011,Female,Mormon,17
MU,2011,Female,Muslim,78315
MU,2011,Female,Pentecostal,3580
MU,2011,Female,Presbyterian,262
MU,2011,Female,Protestant,282
MU,2011,Female,Puranic,23
MU,2011,Female,Rajput,1140
MU,2011,Female,Revived,100
MU,2011,Female,Roman Catholic,163633
MU,2011,Female,Tamil and Tamil Hindu,36954
MU,2011,Female,Tmoin de Jehovah,1190
MU,2011,Female,Telegu and Telegu Hindu,14297
MU,2011,Female,Vaish,21
MU,2011,Female,Vedic,3191
MU,2011,Female,Other Christians,415
MU,2011,Female,Other Hindu,62
MU,2011,Female,Other Religions,886
MU,2011,Female,No Religion,3772
MU,2011,Female,Sanatanist,454
MU,2011,Female,Other Muslims,8
MU,2011,Female,Not Stated,655
MU,2011,Female,Christian Orthodox,28
MU,2011,Female,Eglise Chrtienne,72
MU,2011,Female,La Voix de la Delivrance,405
MU,2011,Female,Peniel Tabernacle,18
MU,2011,Female,"Arya Samajist, Other",16
MU,2011,Female,Other Chinese,40
MU,2011,Female,Unknown,16
ME,2011,Both Sexes,Total,620029
ME,2011,Both Sexes,Adventist,894
ME,2011,Both Sexes,Agnostic,451
ME,2011,Both Sexes,Atheist,7667
ME,2011,Both Sexes,Buddhist,118
ME,2011,Both Sexes,Catholic,21299
ME,2011,Both Sexes,Christian,1460
ME,2011,Both Sexes,Jehovah Witness,145
ME,2011,Both Sexes,Muslim,118477
ME,2011,Both Sexes,Protestant,143
ME,2011,Both Sexes,Other,6337
ME,2011,Both Sexes,Not Declared,16180
ME,2011,Both Sexes,Christian Orthodox,446858
ME,2011,Both Sexes,Unknown,0
ME,2011,Male,Total,306236
ME,2011,Male,Adventist,447
ME,2011,Male,Agnostic,266
ME,2011,Male,Atheist,4298
ME,2011,Male,Buddhist,81
ME,2011,Male,Catholic,9930
ME,2011,Male,Christian,700
ME,2011,Male,Jehovah Witness,67
ME,2011,Male,Muslim,60105
ME,2011,Male,Protestant,71
ME,2011,Male,Other,3163
ME,2011,Male,Not Declared,7571
ME,2011,Male,Christian Orthodox,219537
ME,2011,Male,Unknown,0
ME,2011,Female,Total,313793
ME,2011,Female,Adventist,447
ME,2011,Female,Agnostic,185
ME,2011,Female,Atheist,3369
ME,2011,Female,Buddhist,37
ME,2011,Female,Catholic,11369
ME,2011,Female,Christian,760
ME,2011,Female,Jehovah Witness,78
ME,2011,Female,Muslim,58372
ME,2011,Female,Protestant,72
ME,2011,Female,Other,3174
ME,2011,Female,Not Declared,8609
ME,2011,Female,Christian Orthodox,227321
ME,2011,Female,Unknown,0
NP,2011,Both Sexes,Total,26494504
NP,2011,Both Sexes,Baha'i,1283
NP,2011,Both Sexes,Buddhist,2396099
NP,2011,Both Sexes,Christian,375699
NP,2011,Both Sexes,Hindu,21551492
NP,2011,Both Sexes,Islam ,1162370
NP,2011,Both Sexes,Jains,3214
NP,2011,Both Sexes,Kirati,807169
NP,2011,Both Sexes,Sikh,609
NP,2011,Both Sexes,Other,61581
NP,2011,Both Sexes,Unknown,134988
NP,2011,Male,Total,12849041
NP,2011,Male,Baha'i,576
NP,2011,Male,Buddhist,1139779
NP,2011,Male,Christian,175470
NP,2011,Male,Hindu,10470964
NP,2011,Male,Islam ,583799
NP,2011,Male,Jains,1664
NP,2011,Male,Kirati,380117
NP,2011,Male,Sikh,323
NP,2011,Male,Other,32482
NP,2011,Male,Unknown,63867
NP,2011,Female,Total,13645463
NP,2011,Female,Baha'i,707
NP,2011,Female,Buddhist,1256320
NP,2011,Female,Christian,200229
NP,2011,Female,Hindu,11080528
NP,2011,Female,Islam ,578571
NP,2011,Female,Jains,1550
NP,2011,Female,Kirati,427052
NP,2011,Female,Sikh,286
NP,2011,Female,Other,29099
NP,2011,Female,Unknown,71121
NF,2011,Both Sexes,Total,2302
NF,2011,Both Sexes,Catholic,307
NF,2011,Both Sexes,Church of England,755
NF,2011,Both Sexes,Seventh Day Adventist,61
NF,2011,Both Sexes,Other Religions,228
NF,2011,Both Sexes,No Religion,499
NF,2011,Both Sexes,Not Stated,150
NF,2011,Both Sexes,Uniting Church,302
NF,2011,Male,Total,1082
NF,2011,Male,Catholic,145
NF,2011,Male,Church of England,337
NF,2011,Male,Seventh Day Adventist,27
NF,2011,Male,Other Religions,103
NF,2011,Male,No Religion,270
NF,2011,Male,Not Stated,68
NF,2011,Male,Uniting Church,132
NF,2011,Female,Total,1220
NF,2011,Female,Catholic,162
NF,2011,Female,Church of England,418
NF,2011,Female,Seventh Day Adventist,34
NF,2011,Female,Other Religions,125
NF,2011,Female,No Religion,229
NF,2011,Female,Not Stated,82
NF,2011,Female,Uniting Church,170
PL,2011,Both Sexes,Total,38044565
PL,2011,Both Sexes,Baptist,5945
PL,2011,Both Sexes,Evangelic Augustan Confession,69281
PL,2011,Both Sexes,Greek Catholic,33399
PL,2011,Both Sexes,Jehovah Witness,134693
PL,2011,Both Sexes,Old Catholic Church,9961
PL,2011,Both Sexes,Orthodox,158477
PL,2011,Both Sexes,Pentecostal,26166
PL,2011,Both Sexes,Roman Catholic,33331533
PL,2011,Both Sexes,Other,44942
PL,2011,Both Sexes,Refused to answer,2744836
PL,2011,Both Sexes,No Religion,915590
PL,2011,Both Sexes,Polish National Catholic Church,8806
PL,2011,Both Sexes,Not Stated,560937
PL,2011,Male,Total,18420389
PL,2011,Male,Baptist,2738
PL,2011,Male,Evangelic Augustan Confession,33268
PL,2011,Male,Greek Catholic,15920
PL,2011,Male,Jehovah Witness,56490
PL,2011,Male,Old Catholic Church,4788
PL,2011,Male,Orthodox,73691
PL,2011,Male,Pentecostal,12090
PL,2011,Male,Roman Catholic,15967673
PL,2011,Male,Other,24583
PL,2011,Male,Refused to answer,1407225
PL,2011,Male,No Religion,541402
PL,2011,Male,Polish National Catholic Church,4122
PL,2011,Male,Not Stated,276399
PL,2011,Female,Total,19624176
PL,2011,Female,Baptist,3206
PL,2011,Female,Evangelic Augustan Confession,36014
PL,2011,Female,Greek Catholic,17479
PL,2011,Female,Jehovah Witness,78203
PL,2011,Female,Old Catholic Church,5172
PL,2011,Female,Orthodox,84786
PL,2011,Female,Pentecostal,14076
PL,2011,Female,Roman Catholic,17363859
PL,2011,Female,Other,20359
PL,2011,Female,Refused to answer,1337611
PL,2011,Female,No Religion,374189
PL,2011,Female,Polish National Catholic Church,4683
PL,2011,Female,Not Stated,284538
PT,2011,Both Sexes,Total,10562178
PT,2011,Both Sexes,Catholic,7281887
PT,2011,Both Sexes,Jewish,3061
PT,2011,Both Sexes,Muslim,20640
PT,2011,Both Sexes,Orthodox,56550
PT,2011,Both Sexes,Protestant,75571
PT,2011,Both Sexes,Other Christians,163338
PT,2011,Both Sexes,Didn't answer,744874
PT,2011,Both Sexes,No Religion,615332
PT,2011,Both Sexes,Other Non-Christians,28596
PT,2011,Both Sexes,Unknown,1572329
PT,2011,Male,Total,5046600
PT,2011,Male,Catholic,3328220
PT,2011,Male,Jewish,1698
PT,2011,Male,Muslim,12972
PT,2011,Male,Orthodox,28253
PT,2011,Male,Protestant,32507
PT,2011,Male,Other Christians,65735
PT,2011,Male,Didn't answer,377565
PT,2011,Male,No Religion,381950
PT,2011,Male,Other Non-Christians,13701
PT,2011,Male,Unknown,803999
PT,2011,Female,Total,5515578
PT,2011,Female,Catholic,3953667
PT,2011,Female,Jewish,1363
PT,2011,Female,Muslim,7668
PT,2011,Female,Orthodox,28297
PT,2011,Female,Protestant,43064
PT,2011,Female,Other Christians,97603
PT,2011,Female,Didn't answer,367309
PT,2011,Female,No Religion,233382
PT,2011,Female,Other Non-Christians,14895
PT,2011,Female,Unknown,768330
RO,2011,Both Sexes,Total,20121641
RO,2011,Both Sexes,Atheist,20743
RO,2011,Both Sexes,Baptist,112850
RO,2011,Both Sexes,Christian by Gospel,42495
RO,2011,Both Sexes,Christian of Old Rite,32558
RO,2011,Both Sexes,Evangelic Augustan Confession,5399
RO,2011,Both Sexes,Evangelical,15514
RO,2011,Both Sexes,Evangelical Lutherans,20168
RO,2011,Both Sexes,Greek Catholic,150593
RO,2011,Both Sexes,Mosaic,3519
RO,2011,Both Sexes,Muslim,64337
RO,2011,Both Sexes,Orthodox,16307004
RO,2011,Both Sexes,Pentecostal,362314
RO,2011,Both Sexes,Reformat,600932
RO,2011,Both Sexes,Roman Catholic,870774
RO,2011,Both Sexes,Seventh Day Adventist,80944
RO,2011,Both Sexes,Unitarian,57686
RO,2011,Both Sexes,Other,64598
RO,2011,Both Sexes,Other Religions,30557
RO,2011,Both Sexes,No Religion,18917
RO,2011,Both Sexes,Not Stated,1259739
RO,2011,Male,Total,9788577
RO,2011,Male,Atheist,15012
RO,2011,Male,Baptist,49868
RO,2011,Male,Christian by Gospel,19838
RO,2011,Male,Christian of Old Rite,16035
RO,2011,Male,Evangelic Augustan Confession,2501
RO,2011,Male,Evangelical,7174
RO,2011,Male,Evangelical Lutherans,9522
RO,2011,Male,Greek Catholic,70561
RO,2011,Male,Mosaic,1826
RO,2011,Male,Muslim,34685
RO,2011,Male,Orthodox,7959905
RO,2011,Male,Pentecostal,171728
RO,2011,Male,Reformat,290487
RO,2011,Male,Roman Catholic,421573
RO,2011,Male,Seventh Day Adventist,36832
RO,2011,Male,Unitarian,28395
RO,2011,Male,Other,27234
RO,2011,Male,Other Religions,15181
RO,2011,Male,No Religion,11140
RO,2011,Male,Not Stated,599080
RO,2011,Female,Total,10333064
RO,2011,Female,Atheist,5731
RO,2011,Female,Baptist,62982
RO,2011,Female,Christian by Gospel,22657
RO,2011,Female,Christian of Old Rite,16523
RO,2011,Female,Evangelic Augustan Confession,2898
RO,2011,Female,Evangelical,8340
RO,2011,Female,Evangelical Lutherans,10646
RO,2011,Female,Greek Catholic,80032
RO,2011,Female,Mosaic,1693
RO,2011,Female,Muslim,29652
RO,2011,Female,Orthodox,8347099
RO,2011,Female,Pentecostal,190586
RO,2011,Female,Reformat,310445
RO,2011,Female,Roman Catholic,449201
RO,2011,Female,Seventh Day Adventist,44112
RO,2011,Female,Unitarian,29291
RO,2011,Female,Other,37364
RO,2011,Female,Other Religions,15376
RO,2011,Female,No Religion,7777
RO,2011,Female,Not Stated,660659
RS,2011,Both Sexes,Total,7186862
RS,2011,Both Sexes,Agnostic,4010
RS,2011,Both Sexes,Atheist,80053
RS,2011,Both Sexes,Catholic,356957
RS,2011,Both Sexes,Islam ,222828
RS,2011,Both Sexes,Judaism,578
RS,2011,Both Sexes,Protestant,71284
RS,2011,Both Sexes,Serbian Orthodox,6079396
RS,2011,Both Sexes,Other Christians,48294
RS,2011,Both Sexes,Other Religions,1776
RS,2011,Both Sexes,Didn't answer,220735
RS,2011,Both Sexes,Eastern religion,1237
RS,2011,Both Sexes,Unknown,99714
RS,2011,Male,Total,3499176
RS,2011,Male,Agnostic,2186
RS,2011,Male,Atheist,45680
RS,2011,Male,Catholic,162655
RS,2011,Male,Islam ,112995
RS,2011,Male,Judaism,251
RS,2011,Male,Protestant,33370
RS,2011,Male,Serbian Orthodox,2959645
RS,2011,Male,Other Christians,23199
RS,2011,Male,Other Religions,1018
RS,2011,Male,Didn't answer,107792
RS,2011,Male,Eastern religion,736
RS,2011,Male,Unknown,49649
RS,2011,Female,Total,3687686
RS,2011,Female,Agnostic,1824
RS,2011,Female,Atheist,34373
RS,2011,Female,Catholic,194302
RS,2011,Female,Islam ,109833
RS,2011,Female,Judaism,327
RS,2011,Female,Protestant,37914
RS,2011,Female,Serbian Orthodox,3119751
RS,2011,Female,Other Christians,25095
RS,2011,Female,Other Religions,758
RS,2011,Female,Didn't answer,112943
RS,2011,Female,Eastern religion,501
RS,2011,Female,Unknown,50065
SX,2011,Both Sexes,Total,33609
SX,2011,Both Sexes,Adventist,2224
SX,2011,Both Sexes,Anglican,1027
SX,2011,Both Sexes,Baptist,1585
SX,2011,Both Sexes,Christian,1387
SX,2011,Both Sexes,Evangelical,456
SX,2011,Both Sexes,Hindu,1748
SX,2011,Both Sexes,Jehovah Witness,572
SX,2011,Both Sexes,Methodist,3346
SX,2011,Both Sexes,Pentecostal,4954
SX,2011,Both Sexes,Protestant,927
SX,2011,Both Sexes,Rastafarian,64
SX,2011,Both Sexes,Roman Catholic,11134
SX,2011,Both Sexes,Other,2654
SX,2011,Both Sexes,No Religion,2654
SX,2011,Both Sexes,Islam/Judaism,377
SX,2011,Both Sexes,Buddhism/ Sikh,88
SX,2011,Both Sexes,Unknown,796
SX,2011,Male,Total,15868
SX,2011,Male,Adventist,988
SX,2011,Male,Anglican,493
SX,2011,Male,Baptist,751
SX,2011,Male,Christian,630
SX,2011,Male,Evangelical,202
SX,2011,Male,Hindu,903
SX,2011,Male,Jehovah Witness,238
SX,2011,Male,Methodist,1564
SX,2011,Male,Pentecostal,2103
SX,2011,Male,Protestant,476
SX,2011,Male,Rastafarian,48
SX,2011,Male,Roman Catholic,5201
SX,2011,Male,Other,1512
SX,2011,Male,No Religion,1512
SX,2011,Male,Islam/Judaism,192
SX,2011,Male,Buddhism/ Sikh,35
SX,2011,Male,Unknown,428
SX,2011,Female,Total,17741
SX,2011,Female,Adventist,1236
SX,2011,Female,Anglican,534
SX,2011,Female,Baptist,834
SX,2011,Female,Christian,756
SX,2011,Female,Evangelical,254
SX,2011,Female,Hindu,844
SX,2011,Female,Jehovah Witness,334
SX,2011,Female,Methodist,1782
SX,2011,Female,Pentecostal,2852
SX,2011,Female,Protestant,450
SX,2011,Female,Rastafarian,18
SX,2011,Female,Roman Catholic,5933
SX,2011,Female,Other,1142
SX,2011,Female,No Religion,1142
SX,2011,Female,Islam/Judaism,186
SX,2011,Female,Buddhism/ Sikh,53
SX,2011,Female,Unknown,368
SK,2011,Both Sexes,Total,5397036
SK,2011,Both Sexes,Apostolic,5831
SK,2011,Both Sexes,Baha'i,1065
SK,2011,Both Sexes,Christian,7720
SK,2011,Both Sexes,Church of Jesus Christ of Latter-day Saints,972
SK,2011,Both Sexes,Czechoslovak Hussite Church,1782
SK,2011,Both Sexes,Evangelic of Augsburg Affiliation,316250
SK,2011,Both Sexes,Evangelic Methodist Church,10328
SK,2011,Both Sexes,Fraternity Church,3396
SK,2011,Both Sexes,Jehovah Witness,17222
SK,2011,Both Sexes,Jewish,1999
SK,2011,Both Sexes,New Apostolic,166
SK,2011,Both Sexes,Old Catholic Church,1687
SK,2011,Both Sexes,Orthodox,49133
SK,2011,Both Sexes,Reformed Christian,98797
SK,2011,Both Sexes,Roman Catholic,3347277
SK,2011,Both Sexes,Seventh Day Adventist,2915
SK,2011,Both Sexes,Other,23340
SK,2011,Both Sexes,No Religion,725362
SK,2011,Both Sexes,Not Stated,571437
SK,2011,Both Sexes,Byzantine Catholic Church,206871
SK,2011,Both Sexes,Baptists Fraternity Union,3486
SK,2011,Male,Total,2627772
SK,2011,Male,Apostolic,2721
SK,2011,Male,Baha'i,726
SK,2011,Male,Christian,3560
SK,2011,Male,Church of Jesus Christ of Latter-day Saints,561
SK,2011,Male,Czechoslovak Hussite Church,996
SK,2011,Male,Evangelic of Augsburg Affiliation,145418
SK,2011,Male,Evangelic Methodist Church,4852
SK,2011,Male,Fraternity Church,1602
SK,2011,Male,Jehovah Witness,7159
SK,2011,Male,Jewish,1136
SK,2011,Male,New Apostolic,92
SK,2011,Male,Old Catholic Church,815
SK,2011,Male,Orthodox,23415
SK,2011,Male,Reformed Christian,46452
SK,2011,Male,Roman Catholic,1576106
SK,2011,Male,Seventh Day Adventist,1309
SK,2011,Male,Other,13457
SK,2011,Male,No Religion,392397
SK,2011,Male,Not Stated,303687
SK,2011,Male,Byzantine Catholic Church,99649
SK,2011,Male,Baptists Fraternity Union,1662
SK,2011,Female,Total,2769264
SK,2011,Female,Apostolic,3110
SK,2011,Female,Baha'i,339
SK,2011,Female,Christian,4160
SK,2011,Female,Church of Jesus Christ of Latter-day Saints,411
SK,2011,Female,Czechoslovak Hussite Church,786
SK,2011,Female,Evangelic of Augsburg Affiliation,170832
SK,2011,Female,Evangelic Methodist Church,5476
SK,2011,Female,Fraternity Church,1794
SK,2011,Female,Jehovah Witness,10063
SK,2011,Female,Jewish,863
SK,2011,Female,New Apostolic,74
SK,2011,Female,Old Catholic Church,872
SK,2011,Female,Orthodox,25718
SK,2011,Female,Reformed Christian,52345
SK,2011,Female,Roman Catholic,1771171
SK,2011,Female,Seventh Day Adventist,1606
SK,2011,Female,Other,9883
SK,2011,Female,No Religion,332965
SK,2011,Female,Not Stated,267750
SK,2011,Female,Byzantine Catholic Church,107222
SK,2011,Female,Baptists Fraternity Union,1824
CH,2011,Both Sexes,Total,6587556
CH,2011,Both Sexes,Islam ,320958
CH,2011,Both Sexes,Judaism,16763
CH,2011,Both Sexes,Reformed Churches,1830143
CH,2011,Both Sexes,Roman Catholic,2532217
CH,2011,Both Sexes,Other Christians,368698
CH,2011,Both Sexes,Other Religions,80758
CH,2011,Both Sexes,No Afiliation,1356795
CH,2011,Both Sexes,Unknown,81224
CH,2011,Male,Total,3237894
CH,2011,Male,Islam ,172368
CH,2011,Male,Judaism,7749
CH,2011,Male,Reformed Churches,856349
CH,2011,Male,Roman Catholic,1222756
CH,2011,Male,Other Christians,168333
CH,2011,Male,Other Religions,36846
CH,2011,Male,No Afiliation,735662
CH,2011,Male,Unknown,37831
CH,2011,Female,Total,3349662
CH,2011,Female,Islam ,148590
CH,2011,Female,Judaism,9014
CH,2011,Female,Reformed Churches,973794
CH,2011,Female,Roman Catholic,1309461
CH,2011,Female,Other Christians,200365
CH,2011,Female,Other Religions,43912
CH,2011,Female,No Afiliation,621133
CH,2011,Female,Unknown,43393
TK,2011,Both Sexes,Total,1143
TK,2011,Both Sexes,Christian Congregational,665
TK,2011,Both Sexes,New Age,1
TK,2011,Both Sexes,Presbyterian,21
TK,2011,Both Sexes,Roman Catholic,418
TK,2011,Both Sexes,Other Christians,32
TK,2011,Both Sexes,Not Stated,6
TK,2011,Male,Total,563
TK,2011,Male,Christian Congregational,319
TK,2011,Male,New Age,0
TK,2011,Male,Presbyterian,7
TK,2011,Male,Roman Catholic,221
TK,2011,Male,Other Christians,12
TK,2011,Male,Not Stated,4
TK,2011,Female,Total,580
TK,2011,Female,Christian Congregational,346
TK,2011,Female,New Age,1
TK,2011,Female,Presbyterian,14
TK,2011,Female,Roman Catholic,197
TK,2011,Female,Other Christians,20
TK,2011,Female,Not Stated,2
TT,2011,Both Sexes,Total,1322546
TT,2011,Both Sexes,Anglican,74994
TT,2011,Both Sexes,Baptist,90953
TT,2011,Both Sexes,Hindu,240100
TT,2011,Both Sexes,Islam ,65705
TT,2011,Both Sexes,Jehovah Witness,19450
TT,2011,Both Sexes,Methodist,8648
TT,2011,Both Sexes,Moravian,3526
TT,2011,Both Sexes,Rastafarian,3615
TT,2011,Both Sexes,Roman Catholic,285671
TT,2011,Both Sexes,Seventh Day Adventist,54156
TT,2011,Both Sexes,Other,96166
TT,2011,Both Sexes,Not Stated,146798
TT,2011,Both Sexes,,28842
TT,2011,Both Sexes,Orisha,11918
TT,2011,Both Sexes,Pentecostal/ Evangelical/ Full Gospel,159033
TT,2011,Both Sexes,Presbyterian/ Congregational,32972
TT,2011,Male,Total,662349
TT,2011,Male,Anglican,38654
TT,2011,Male,Baptist,43072
TT,2011,Male,Hindu,124049
TT,2011,Male,Islam ,34892
TT,2011,Male,Jehovah Witness,8501
TT,2011,Male,Methodist,4232
TT,2011,Male,Moravian,1797
TT,2011,Male,Rastafarian,2571
TT,2011,Male,Roman Catholic,142576
TT,2011,Male,Seventh Day Adventist,25961
TT,2011,Male,Other,46114
TT,2011,Male,Not Stated,75313
TT,2011,Male,,18270
TT,2011,Male,Orisha,5638
TT,2011,Male,Pentecostal/ Evangelical/ Full Gospel,74462
TT,2011,Male,Presbyterian/ Congregational,16249
TT,2011,Female,Total,660196
TT,2011,Female,Anglican,36341
TT,2011,Female,Baptist,47881
TT,2011,Female,Hindu,116051
TT,2011,Female,Islam ,30813
TT,2011,Female,Jehovah Witness,10949
TT,2011,Female,Methodist,4416
TT,2011,Female,Moravian,1728
TT,2011,Female,Rastafarian,1044
TT,2011,Female,Roman Catholic,143095
TT,2011,Female,Seventh Day Adventist,28195
TT,2011,Female,Other,50052
TT,2011,Female,Not Stated,71486
TT,2011,Female,,10572
TT,2011,Female,Orisha,6280
TT,2011,Female,Pentecostal/ Evangelical/ Full Gospel,84571
TT,2011,Female,Presbyterian/ Congregational,16723
GB,2011,Both Sexes,Total,63182178
GB,2011,Both Sexes,Buddhist,261584
GB,2011,Both Sexes,Christian,37583962
GB,2011,Both Sexes,Hindu,835418
GB,2011,Both Sexes,Jewish,269568
GB,2011,Both Sexes,Muslim,2786635
GB,2011,Both Sexes,Sikh,432429
GB,2011,Both Sexes,Other,262750
GB,2011,Both Sexes,No Religion,16221509
GB,2011,Both Sexes,Not Specified,4528323
GB,2011,Male,Total,31028143
GB,2011,Male,Buddhist,123120
GB,2011,Male,Christian,17381584
GB,2011,Male,Hindu,431988
GB,2011,Male,Jewish,131313
GB,2011,Male,Muslim,1452824
GB,2011,Male,Sikh,218944
GB,2011,Male,Other,115825
GB,2011,Male,No Religion,8860835
GB,2011,Male,Not Specified,2311710
GB,2011,Female,Total,32154035
GB,2011,Female,Buddhist,138464
GB,2011,Female,Christian,20202378
GB,2011,Female,Hindu,403430
GB,2011,Female,Jewish,138255
GB,2011,Female,Muslim,1333811
GB,2011,Female,Sikh,213485
GB,2011,Female,Other,146925
GB,2011,Female,No Religion,7360674
GB,2011,Female,Not Specified,2216613
GI,2012,Both Sexes,Total,32194
GI,2012,Both Sexes,Church of England,2480
GI,2012,Both Sexes,Hindu,628
GI,2012,Both Sexes,Jewish,763
GI,2012,Both Sexes,Muslim,1166
GI,2012,Both Sexes,Roman Catholic,23223
GI,2012,Both Sexes,Other,365
GI,2012,Both Sexes,Other Christians,1232
GI,2012,Both Sexes,No Religion,2293
GI,2012,Both Sexes,Not Stated,44
GI,2012,Male,Total,16061
GI,2012,Male,Church of England,1285
GI,2012,Male,Hindu,336
GI,2012,Male,Jewish,385
GI,2012,Male,Muslim,713
GI,2012,Male,Roman Catholic,11208
GI,2012,Male,Other,172
GI,2012,Male,Other Christians,618
GI,2012,Male,No Religion,1322
GI,2012,Male,Not Stated,22
GI,2012,Female,Total,16133
GI,2012,Female,Church of England,1195
GI,2012,Female,Hindu,292
GI,2012,Female,Jewish,378
GI,2012,Female,Muslim,453
GI,2012,Female,Roman Catholic,12015
GI,2012,Female,Other,193
GI,2012,Female,Other Christians,614
GI,2012,Female,No Religion,971
GI,2012,Female,Not Stated,22
NE,2012,Both Sexes,Total,17138707
NE,2012,Both Sexes,Animist,34786
NE,2012,Both Sexes,Christian,56856
NE,2012,Both Sexes,Muslim,16978889
NE,2012,Both Sexes,Other,2520
NE,2012,Both Sexes,No Religion,23048
NE,2012,Both Sexes,Unknown,42608
LK,2012,Both Sexes,Total,20263723
LK,2012,Both Sexes,Buddhist,14222844
LK,2012,Both Sexes,Hindu,2554606
LK,2012,Both Sexes,Islam ,1967227
LK,2012,Both Sexes,Roman Catholic,1237038
LK,2012,Both Sexes,Other,9440
LK,2012,Both Sexes,Other Christians,272568
SR,2012,Both Sexes,Total,541638
SR,2012,Both Sexes,Christian,262320
SR,2012,Both Sexes,Hindu,120623
SR,2012,Both Sexes,Islam ,75053
SR,2012,Both Sexes,Other,66560
SR,2012,Both Sexes,Not Stated,17082
