country,CountriesWithTheMostHandsomeMenRedditVote,CountriesWithTheMostHandsomeMenInsiderMonkey,CountriesWithTheMostHandsomeMenBScholarly,CountriesWithTheMostHandsomeMenBasicPlanet,CountriesWithTheMostHandsomeMenTop10s
IN,2,6,,,24
CN,,7,,,
US,4,,,,9
ID,,,,,23
NG,,,15,,
BR,10,1,2,2,
RU,,,,,7
JP,6,,,,
PH,,5,11,,13
VN,,2,,,
IR,,,,,12
TR,,13,13,,3
DE,,,9,6,8
GB,1,,7,8,
FR,7,14,5,5,4
ZA,,10,16,,
IT,3,,1,1,2
MM,,11,,,
KR,,15,4,,17
ES,,8,8,10,5
IQ,,,,,20
AO,,,10,3,
SA,,,3,4,
VE,,4,,,15
AU,,,6,7,19
SY,,,,,1
RO,,,,,22
TN,,,,,11
BE,9,,,,
JO,,,,,10
SE,5,9,12,9,
CZ,,12,,,
AZ,,,,,16
GR,,,,,6
PT,,,,,21
DK,,,,,25
NO,,,,,18
LB,,3,,,
IE,8,,,,
AM,,,,,14
